name,datetime,tempmax,tempmin,temp,feelslikemax,feelslikemin,feelslike,dew,humidity,precip,precipprob,precipcover,preciptype,snow,snowdepth,windgust,windspeed,winddir,sealevelpressure,cloudcover,visibility,solarradiation,solarenergy,uvindex,severerisk,sunrise,sunset,moonphase,conditions,description,icon,stations
milan,2024-04-01,65.5,49.5,57.7,65.5,47.8,57.6,50.2,77.8,0.27,100,4.17,rain,0,0,41.2,20.6,109.7,1002.1,62.4,6.2,143.7,12.4,7,,2024-04-01T07:02:56,2024-04-01T19:51:57,0.75,"Rain, Partially cloudy",Partly cloudy throughout the day with late afternoon rain.,rain,"LIMC,16080099999,D6875,16076099999,LIME,16066099999,06777099999,LIML,06771099999"
milan,2024-04-02,67.7,42.4,54.7,67.7,42.4,54.7,42.4,69,0.007,100,4.17,rain,0,0,12.1,8.2,268.2,1011.4,27.3,6.1,171.3,14.8,7,,2024-04-02T07:01:03,2024-04-02T19:53:15,0.75,"Rain, Partially cloudy",Partly cloudy throughout the day with early morning rain.,rain,"16080099999,LIMC,D6875,16076099999,LIME,16066099999,06777099999,06771099999,LIML"
milan,2024-04-03,57,51.4,53.8,57,51.4,53.8,46.5,77,0.012,100,20.83,rain,0,0,9.2,8.7,42.2,1015,84.2,6.1,54.3,4.7,2,,2024-04-03T06:59:11,2024-04-03T19:54:33,0.82,"Rain, Partially cloudy",Partly cloudy throughout the day with rain in the morning and afternoon.,rain,"16080099999,D6875,16076099999,16066099999,06771099999"
milan,2024-04-04,66.1,46.1,56.1,66.1,46.1,56,48,76.3,0.036,100,8.33,rain,0,0,11.4,7.8,249.4,1018.4,41.8,6.1,125.4,10.8,6,,2024-04-04T06:57:19,2024-04-04T19:55:50,0.85,"Rain, Partially cloudy",Partly cloudy throughout the day with rain.,rain,"16080099999,D6875,16076099999,16066099999,06771099999"
milan,2024-04-05,67.9,49.8,60.1,67.9,49.8,60.1,50.7,72,0,0,0,,0,0,12.8,7.9,264.8,1022.2,41.8,6.2,112.4,9.7,7,,2024-04-05T06:55:27,2024-04-05T19:57:08,0.88,Partially cloudy,Partly cloudy throughout the day.,partly-cloudy-day,"16080099999,D6875,16076099999,16066099999,06777099999,06771099999"
milan,2024-04-06,73.2,51.4,61.9,73.2,51.4,61.9,50.9,68.8,0,0,0,,0,0,12.8,6.8,257.6,1022.8,1.9,6.2,165.6,14.1,6,,2024-04-06T06:53:36,2024-04-06T19:58:25,0.92,Clear,Clear conditions throughout the day.,clear-day,"16080099999,D6875,16076099999,16066099999,06771099999"
milan,2024-04-07,75,51.8,63.7,75,51.8,63.7,52,67,0,0,0,,0,0,10.3,6.9,259.5,1020.6,10.1,6.2,155,13.5,6,,2024-04-07T06:51:45,2024-04-07T19:59:43,0.95,Clear,Clear conditions throughout the day.,clear-day,"16080099999,D6875,16076099999,16066099999,06771099999"
milan,2024-04-08,76.9,55.3,66.6,76.9,55.3,66.6,55.9,71.4,0,0,0,,0,0,19.7,6.8,102.2,1016.8,24.7,6.1,177.7,15.3,6,,2024-04-08T06:49:54,2024-04-08T20:01:00,0,Partially cloudy,Partly cloudy throughout the day.,partly-cloudy-day,"16080099999,D6875,16076099999,16066099999,06777099999,06771099999"
milan,2024-04-09,65.8,57,61,65.8,57,61,55.3,81.7,0.02,100,25,rain,0,0,11.4,7.2,48.3,1014.8,68.3,5,31.7,2.7,1,,2024-04-09T06:48:04,2024-04-09T20:02:18,0.02,"Rain, Partially cloudy",Partly cloudy throughout the day with rain.,rain,"16080099999,D6875,16076099999,C7783,16066099999,06771099999"
milan,2024-04-10,56.9,50,52.4,56.9,44.8,52.2,48.5,86.6,1.478,100,50,rain,0,0,46.1,14.2,332.2,1017.5,83.7,5.7,61.7,5.3,5,,2024-04-10T06:46:15,2024-04-10T20:03:35,0.05,"Rain, Partially cloudy",Partly cloudy throughout the day with a chance of rain throughout the day.,rain,"16080099999,D6875,16076099999,16066099999,06771099999"
milan,2024-04-11,71.5,51.5,59.9,71.5,51.5,59.9,51.2,75.6,0.022,100,4.17,rain,0,0,17.2,7.6,221.6,1027.2,31.4,6.1,196.1,16.9,7,,2024-04-11T06:44:26,2024-04-11T20:04:53,0.09,"Rain, Partially cloudy",Clearing in the afternoon with early morning rain.,rain,"16080099999,D6875,16076099999,16066099999,06777099999,06771099999"
milan,2024-04-12,77,51.7,64.6,77,51.7,64.6,54.4,72.6,0,0,0,,0,0,15,7,212.3,1028.3,1.3,6.2,196.2,16.9,7,,2024-04-12T06:42:38,2024-04-12T20:06:10,0.12,Clear,Clear conditions throughout the day.,clear-day,"16080099999,D6875,16076099999,16066099999,06771099999"
milan,2024-04-13,80.5,55.2,67.2,80.5,55.2,67.2,56.2,70.7,0,0,0,,0,0,12.8,4.7,156.1,1026.5,23.9,6.2,203.8,17.6,7,,2024-04-13T06:40:51,2024-04-13T20:07:27,0.15,Partially cloudy,Clearing in the afternoon.,partly-cloudy-day,"16080099999,D6875,16076099999,16066099999,06771099999"
milan,2024-04-14,84,55.3,69.8,82.9,55.3,69.7,56.3,66.6,0,0,0,,0,0,13.9,6.9,245.3,1022,28.6,6,209.3,18.1,7,,2024-04-14T06:39:04,2024-04-14T20:08:45,0.19,Partially cloudy,Partly cloudy throughout the day.,partly-cloudy-day,"16080099999,D6875,16076099999,16066099999,06777099999,06771099999"
milan,2024-04-15,73.3,58.7,66.7,73.3,58.7,66.7,51,57.3,0,0,0,,0,0,12.8,10,265.6,1012.5,58.5,6.2,147.8,12.6,5,,2024-04-15T06:37:18,2024-04-15T20:10:02,0.25,Partially cloudy,Partly cloudy throughout the day.,partly-cloudy-day,"16080099999,D6875,16076099999,16066099999,06777099999,06771099999,LIML"
milan,2024-04-16,73.1,56.7,63.9,73.1,56.7,63.9,36.4,45.2,0,0,0,,0,0,58.8,24.8,332,1001.4,23.5,6.2,222.8,19.3,7,,2024-04-16T06:35:32,2024-04-16T20:11:20,0.25,Partially cloudy,Partly cloudy throughout the day.,partly-cloudy-day,"16080099999,D6875,16076099999,16066099999,06777099999,06771099999"
milan,2024-04-17,65.9,44.2,54.5,65.9,44.2,54.1,37.8,58.1,0,0,0,,0,0,27.7,17.5,242.5,1005.1,33.8,6.2,211.4,18.1,8,,2024-04-17T06:33:48,2024-04-17T20:12:37,0.28,Partially cloudy,Partly cloudy throughout the day.,partly-cloudy-day,"16080099999,16076099999,D6875,16066099999,06777099999,06771099999,LIML"
milan,2024-04-18,58.9,44.6,51.3,58.9,42.4,51.2,37.4,61,0.001,100,4.17,rain,0,0,28.9,14.4,93.3,1009.1,44.3,6.2,154.8,13.3,7,,2024-04-18T06:32:04,2024-04-18T20:13:54,0.32,"Rain, Partially cloudy",Partly cloudy throughout the day with late afternoon rain.,rain,"16080099999,D6875,16076099999,16066099999,06771099999"
milan,2024-04-19,66.1,39.1,53,66.1,38.9,52.7,32.4,52.9,0,0,0,,0,0,28.9,8,259.6,1013.8,11.7,6.2,224.8,19.4,7,,2024-04-19T06:30:21,2024-04-19T20:15:12,0.35,Clear,Clear conditions throughout the day.,clear-day,"16080099999,D6875,16076099999,06770099999,16066099999,06777099999,06771099999,LIML"
milan,2024-04-20,65.8,46.4,57.6,65.8,45.3,57.5,28,37.1,0,0,0,,0,0,36.9,19.1,356.9,1009.4,27.1,6.2,195.3,16.8,5,,2024-04-20T06:28:38,2024-04-20T20:16:29,0.38,Partially cloudy,Partly cloudy throughout the day.,partly-cloudy-day,"16080099999,D6875,16076099999,16066099999,06777099999,06771099999"
milan,2024-04-21,60.6,39.2,51.4,60.6,39.2,50.7,31.5,52.3,0,0,0,,0,0,23,17.7,79,1013.2,55.7,6.2,191.8,16.6,7,,2024-04-21T06:26:57,2024-04-21T20:17:46,0.42,Partially cloudy,Partly cloudy throughout the day.,partly-cloudy-day,"16080099999,D6875,16076099999,16066099999,06771099999"
milan,2024-04-22,48.1,41.2,43.5,44.8,38.8,41.5,40.4,89,0.446,100,12.5,rain,0,0,19.7,7.9,53.6,1013.2,85.2,5.2,49,4.3,2,,2024-04-22T06:25:17,2024-04-22T20:19:03,0.45,"Rain, Partially cloudy",Partly cloudy throughout the day with rain.,rain,"16080099999,D6875,16076099999,16066099999,06771099999"
milan,2024-04-23,53.5,41,45.2,53.5,39.1,44,42,89.5,0.433,100,16.67,rain,0,0,19.7,9.7,194.7,1008.9,79.4,5.8,96.5,8.4,5,,2024-04-23T06:23:37,2024-04-23T20:20:20,0.48,"Rain, Partially cloudy",Partly cloudy throughout the day with a chance of rain throughout the day.,rain,"16080099999,D6875,16076099999,16066099999,06771099999"
milan,2024-04-24,62.4,40.7,50.9,62.4,39.5,50.2,40.5,72.1,0,0,0,,0,0,21.9,15.3,228.6,1005.8,44.6,5.9,191.6,16.4,7,,2024-04-24T06:21:59,2024-04-24T20:21:37,0.5,Partially cloudy,Partly cloudy throughout the day.,partly-cloudy-day,"16080099999,D6875,16076099999,16066099999,06771099999"
milan,2024-04-25,58.8,42.3,50.8,58.8,38.8,49.8,41.2,71.6,0.036,100,4.17,rain,0,0,16.1,10,115.1,1007.7,47.3,6.2,173.8,15.2,8,,2024-04-25T06:20:22,2024-04-25T20:22:54,0.55,"Rain, Partially cloudy",Partly cloudy throughout the day with early morning rain.,rain,"16080099999,D6875,16076099999,16066099999,06771099999"
milan,2024-04-26,60.3,47.7,52,60.3,44.1,51.1,44,75.1,0.042,100,8.33,rain,0,0,13.9,12.2,83.7,1010.9,80.2,6.1,91.3,7.9,7,,2024-04-26T06:18:45,2024-04-26T20:24:11,0.59,"Rain, Partially cloudy",Partly cloudy throughout the day with late afternoon rain.,rain,"16080099999,D6875,16076099999,16066099999,06777099999,06771099999"
milan,2024-04-27,60.4,49.8,54.1,60.4,48.3,54.1,49.8,86.1,0.049,100,20.83,rain,0,0,10.3,6.8,70,1015.6,84.8,6.1,79.1,6.8,4,,2024-04-27T06:17:10,2024-04-27T20:25:27,0.62,"Rain, Partially cloudy",Partly cloudy throughout the day with rain.,rain,"16080099999,D6875,16076099999,16066099999,06771099999"
milan,2024-04-28,64,53.4,57.6,64,53.4,57.6,51.8,82,0.158,100,54.17,rain,0,0,16.6,8.9,100.5,1019.4,77.7,5.7,77.8,6.6,5,,2024-04-28T06:15:36,2024-04-28T20:26:44,0.66,"Rain, Partially cloudy",Partly cloudy throughout the day with a chance of rain throughout the day.,rain,"16080099999,D6875,16076099999,16066099999,06777099999,06771099999"
milan,2024-04-29,73.3,48.2,60.8,73.3,48.2,60.8,50.8,72.7,0,0,0,,0,0,12.2,4.6,227.7,1021,49.4,6.2,170.9,14.7,6,,2024-04-29T06:14:04,2024-04-29T20:28:00,0.69,Partially cloudy,Partly cloudy throughout the day.,partly-cloudy-day,"16080099999,D6875,16076099999,16066099999,06777099999,06771099999"
milan,2024-04-30,75.2,51.9,65.3,75.2,51.9,65.3,51.9,65.7,0.007,100,4.17,rain,0,0,18.3,7.6,97.8,1017.6,59.2,6.2,225.3,19.6,7,,2024-04-30T06:12:32,2024-04-30T20:29:16,0.73,"Rain, Partially cloudy",Partly cloudy throughout the day with afternoon rain.,rain,"16080099999,D6875,16076099999,16066099999,06777099999,06771099999"
milan,2024-05-01,66.1,58.9,61.6,66.1,58.9,61.6,54.7,78.9,0.536,100,45.83,rain,0,0,28.9,9,25.9,1009.1,71.7,5.4,55.5,4.8,2,,2024-05-01T06:11:02,2024-05-01T20:30:32,0.75,"Rain, Partially cloudy",Partly cloudy throughout the day with rain.,rain,"LIMC,D6875,LIME,LIML"
milan,2024-05-02,60.7,51.9,56.6,60.7,51.9,56.6,54.5,93,1.497,100,66.67,rain,0,0,20.8,13.5,110.1,1005.2,90,5.1,2,0.1,0,,2024-05-02T06:09:33,2024-05-02T20:31:48,0.8,"Rain, Partially cloudy",Partly cloudy throughout the day with a chance of rain throughout the day.,rain,"16080099999,D6875,16076099999,16066099999,06777099999,06771099999"
milan,2024-05-03,69.4,48.4,57.7,69.4,48.4,57.7,50.2,78.8,0.156,100,33.33,rain,0,0,15,8,250.2,1010.4,60.3,5.9,239.4,20.6,8,,2024-05-03T06:08:05,2024-05-03T20:33:03,0.83,"Rain, Partially cloudy",Partly cloudy throughout the day with rain.,rain,"16080099999,D6875,16076099999,16066099999,06771099999"
milan,2024-05-04,69.7,55,61.3,69.7,55,61.3,52.3,74.3,0.017,100,4.17,rain,0,0,15,8.8,234.1,1015.2,63.9,6.2,211.7,18.4,8,,2024-05-04T06:06:39,2024-05-04T20:34:18,0.87,"Rain, Partially cloudy",Partly cloudy throughout the day with early morning rain.,rain,"16080099999,D6875,16076099999,16066099999,06771099999"
milan,2024-05-05,73.2,56.7,64.1,73.2,56.7,64.1,51.4,64,0,0,0,,0,0,13.9,7.7,256.3,1014.7,39.1,6.2,233,20.4,8,,2024-05-05T06:05:14,2024-05-05T20:35:33,0.9,Partially cloudy,Partly cloudy throughout the day.,partly-cloudy-day,"16080099999,D6875,16076099999,16066099999,06777099999,06771099999"
milan,2024-05-06,65.7,58.8,61.9,65.7,58.8,61.9,51.5,68.9,0.001,100,4.17,rain,0,0,9.2,9,52.4,1013.1,78.9,6.2,94.8,8.2,5,,2024-05-06T06:03:50,2024-05-06T20:36:48,0.94,"Rain, Partially cloudy",Partly cloudy throughout the day with afternoon rain.,rain,"16080099999,D6875,16076099999,16066099999,06771099999"
milan,2024-05-07,62.2,56.9,58.5,62.2,56.9,58.5,54.8,87.6,0.031,100,12.5,rain,0,0,9.6,7.8,5.7,1012.7,83.7,6,86.2,7.6,4,,2024-05-07T06:02:28,2024-05-07T20:38:02,0.97,"Rain, Partially cloudy",Partly cloudy throughout the day with a chance of rain throughout the day.,rain,"16080099999,LIMC,D6875,16076099999,06770099999,16066099999,06771099999,LIML"
milan,2024-05-08,70.4,53.5,61.7,70.4,53.5,61.7,55.2,80.4,0.259,100,8.33,rain,0,0,18.3,6.9,236.8,1016.5,58.7,6.1,283.4,24.5,7,,2024-05-08T06:01:08,2024-05-08T20:39:15,0,"Rain, Partially cloudy",Partly cloudy throughout the day with rain in the morning and afternoon.,rain,"16080099999,LIMC,16064099999,D6875,16076099999,06770099999,LIME,16066099999,06777099999,06771099999,LIML"
milan,2024-05-09,75.1,58.7,66.9,75.1,58.7,66.9,55.7,69.5,0.008,100,8.33,rain,0,0,13.9,8.1,146.7,1018.9,44.5,6.2,253.6,21.9,8,,2024-05-09T05:59:49,2024-05-09T20:40:28,0.04,"Rain, Partially cloudy",Partly cloudy throughout the day with rain clearing later.,rain,"16080099999,D6875,16076099999,16066099999,06771099999"
milan,2024-05-10,75.1,59.1,67.5,75.1,59.1,67.5,54.4,65,0.113,100,4.17,rain,0,0,12.8,6.7,104.2,1019.2,59.2,6.1,233.5,20.1,8,,2024-05-10T05:58:31,2024-05-10T20:41:41,0.07,"Rain, Partially cloudy",Partly cloudy throughout the day with morning rain.,rain,"16080099999,D6875,16076099999,16066099999,06771099999"
milan,2024-05-11,78.6,60.3,69.6,78.6,60.3,69.6,53.6,59.8,0,0,0,,0,0,12.8,6.8,198.5,1018.2,34.1,6.2,257.2,22.1,8,,2024-05-11T05:57:16,2024-05-11T20:42:53,0.11,Partially cloudy,Partly cloudy throughout the day.,partly-cloudy-day,"16080099999,D6875,16076099999,16066099999,06777099999,06771099999"
milan,2024-05-12,78.6,60.7,69.9,78.6,60.7,69.9,54.9,60.7,0,0,0,,0,0,11.4,7.7,105.6,1016.3,46.3,6.2,244.7,21.1,8,,2024-05-12T05:56:01,2024-05-12T20:44:05,0.14,Partially cloudy,Partly cloudy throughout the day.,partly-cloudy-day,"16080099999,D6875,16076099999,16066099999,06777099999,06771099999"
milan,2024-05-13,73.1,60.6,67,73.1,60.6,67,55.3,67.8,0.084,100,8.33,rain,0,0,16.1,9.8,33.8,1014.7,63.6,6.1,272.3,23.4,9,,2024-05-13T05:54:49,2024-05-13T20:45:16,0.17,"Rain, Partially cloudy",Partly cloudy throughout the day with rain in the morning and afternoon.,rain,"16080099999,D6875,16076099999,16066099999,06777099999,06771099999"
milan,2024-05-14,72.7,62.2,65.6,72.7,62.2,65.6,58,77.2,0.046,100,20.83,rain,0,0,19.7,8.8,99.2,1010.4,58,5.9,149.3,12.9,8,,2024-05-14T05:53:38,2024-05-14T20:46:27,0.2,"Rain, Partially cloudy",Partly cloudy throughout the day with rain.,rain,"16080099999,D6875,16076099999,16066099999,06777099999,06771099999"
milan,2024-05-15,62.4,57.1,59.4,62.4,57.1,59.4,57.9,95,3.907,100,87.5,rain,0,0,28.1,14.4,68.1,1008.9,90.6,4,59.4,5.2,2,,2024-05-15T05:52:30,2024-05-15T20:47:37,0.25,"Rain, Overcast",Cloudy skies throughout the day with a chance of rain throughout the day.,rain,"16080099999,D6875,16076099999,16066099999,06777099999,06771099999"
milan,2024-05-16,64.1,55.1,58.7,64.1,55.1,58.7,56.9,93.9,0.474,100,45.83,rain,0,0,18.4,12.1,53.2,1006.7,83.3,5.8,66.2,5.7,3,,2024-05-16T05:51:22,2024-05-16T20:48:46,0.27,"Rain, Partially cloudy",Partly cloudy throughout the day with a chance of rain throughout the day.,rain,"16080099999,D6875,16076099999,16066099999,06777099999,06771099999"
milan,2024-05-17,71.2,44.1,61.2,71.2,44.1,61.2,52.3,75.3,0,0,0,,0,0,16.4,8,234,1008.9,44.2,5.7,203.6,17.5,8,,2024-05-17T05:50:17,2024-05-17T20:49:54,0.3,Partially cloudy,Partly cloudy throughout the day.,partly-cloudy-day,"16080099999,D6875,16076099999,06770099999,16066099999,06777099999,06771099999,LIML"
milan,2024-05-18,74.7,55.1,65,74.7,55.1,65,53.2,67.6,0.003,100,8.33,rain,0,0,19.7,11.3,149.7,1012.8,40.1,6.2,258,22.2,8,,2024-05-18T05:49:14,2024-05-18T20:51:02,0.33,"Rain, Partially cloudy",Partly cloudy throughout the day with late afternoon rain.,rain,"16080099999,D6875,16076099999,16066099999,06777099999,06771099999"
milan,2024-05-19,74.9,56.9,66.1,74.9,56.9,66.1,56.7,73.8,0.408,100,12.5,rain,0,0,19.7,9,123.4,1011.7,39.6,6.2,271.4,23.4,8,,2024-05-19T05:48:12,2024-05-19T20:52:08,0.37,"Rain, Partially cloudy",Clearing in the afternoon with rain.,rain,"16080099999,D6875,16076099999,16066099999,06771099999"
milan,2024-05-20,72.7,60.4,65.7,72.7,60.4,65.7,59,79.6,0.013,100,16.67,rain,0,0,16.1,9.7,68.2,1010.1,64.3,5.7,144.2,12.2,5,,2024-05-20T05:47:13,2024-05-20T20:53:14,0.4,"Rain, Partially cloudy",Partly cloudy throughout the day with rain.,rain,"16080099999,D6875,16076099999,16066099999,06777099999,06771099999"
milan,2024-05-21,75,58.9,65.3,75,58.9,65.3,57.1,77.5,0.991,100,33.33,rain,0,0,19.7,9,278.8,1006,66.8,6,253.6,21.8,9,,2024-05-21T05:46:15,2024-05-21T20:54:19,0.43,"Rain, Partially cloudy",Partly cloudy throughout the day with a chance of rain throughout the day.,rain,"16080099999,D6875,16076099999,16066099999,06777099999,06771099999"
milan,2024-05-22,74.8,58.9,65.2,74.8,58.9,65.2,56.8,75.2,0.431,100,20.83,rain,0,0,17.2,11.9,248.8,1010.4,53.3,6.1,184.2,15.9,9,,2024-05-22T05:45:20,2024-05-22T20:55:23,0.46,"Rain, Partially cloudy",Partly cloudy throughout the day with rain.,rain,"16080099999,D6875,16076099999,16066099999,06771099999"
milan,2024-05-23,66.1,55.5,60.6,66.1,55.5,60.6,56.5,86.9,0.147,100,25,rain,0,0,11.4,9.7,2.8,1015.8,59.6,5.9,116.5,10.2,4,,2024-05-23T05:44:26,2024-05-23T20:56:26,0.5,"Rain, Partially cloudy",Partly cloudy throughout the day with rain.,rain,"16080099999,D6875,16076099999,16066099999,06771099999"
milan,2024-05-24,69.5,53.4,60.9,69.5,53.4,60.9,55.4,83.2,0.039,100,8.33,rain,0,0,13.9,8.7,45.4,1017.7,56.4,6.1,194,16.8,9,,2024-05-24T05:43:35,2024-05-24T20:57:28,0.53,"Rain, Partially cloudy",Partly cloudy throughout the day with afternoon rain.,rain,"16080099999,D6875,16076099999,16066099999,06771099999"
milan,2024-05-25,69.7,55.4,62.5,69.7,55.4,62.5,55.3,79.2,0.548,100,20.83,rain,0,0,15,12,6.4,1017,51.1,6,315.3,27.5,9,,2024-05-25T05:42:46,2024-05-25T20:58:28,0.57,"Rain, Partially cloudy",Partly cloudy throughout the day with rain.,rain,"16080099999,D6875,16076099999,16066099999,06777099999,06771099999"
milan,2024-05-26,80.2,53.3,67.2,79.9,53.3,67.1,55.3,68.6,0,0,0,,0,0,11.4,6.7,245.8,1017.3,39.7,6.2,282.1,24.3,8,,2024-05-26T05:41:58,2024-05-26T20:59:28,0.6,Partially cloudy,Becoming cloudy in the afternoon.,partly-cloudy-day,"16080099999,LIMC,D6875,16076099999,16066099999,06777099999,06771099999,LIML"
milan,2024-05-27,76.4,62.3,68.4,76.4,62.3,68.4,58.3,71.3,0.002,100,8.33,rain,0,0,9.2,7.6,72.4,1017.8,60.7,6.2,153.4,13.1,8,,2024-05-27T05:41:13,2024-05-27T21:00:26,0.64,"Rain, Partially cloudy",Partly cloudy throughout the day with rain.,rain,"16080099999,D6875,16076099999,16066099999,06771099999"
milan,2024-05-28,76.9,62.1,68.9,76.9,62.1,68.9,60,75.4,0.01,100,12.5,rain,0,0,12.8,5.8,200,1014.6,62.1,5.8,284.7,24.7,8,,2024-05-28T05:40:30,2024-05-28T21:01:23,0.67,"Rain, Partially cloudy",Clearing in the afternoon with rain clearing later.,rain,"16080099999,D6875,16076099999,16066099999,06771099999"
milan,2024-05-29,78.5,64,70.8,78.5,64,70.8,59.4,68.4,0,0,0,,0,0,10.3,8.8,115.5,1013.7,40.6,6.2,214.1,18.4,8,,2024-05-29T05:39:50,2024-05-29T21:02:19,0.71,Partially cloudy,Partly cloudy throughout the day.,partly-cloudy-day,"16080099999,D6875,16076099999,16066099999,06771099999"
milan,2024-05-30,71.1,64.1,67.1,71.1,64.1,67.1,60.6,80.2,0.075,100,58.33,rain,0,0,13.9,11,51.6,1006.5,74.2,5.8,128,11.1,5,,2024-05-30T05:39:11,2024-05-30T21:03:13,0.75,"Rain, Partially cloudy",Partly cloudy throughout the day with a chance of rain throughout the day.,rain,"16080099999,D6875,16076099999,16066099999,06771099999"
milan,2024-05-31,66,58.9,62.1,66,58.9,62.1,53.4,74.3,1.35,100,25,rain,0,0,34.4,10.7,328.6,1003.8,83.4,5.8,116.9,9.9,4,,2024-05-31T05:38:35,2024-05-31T21:04:06,0.78,"Rain, Partially cloudy",Partly cloudy throughout the day with a chance of rain throughout the day.,rain,"16080099999,D6875,16076099999,16066099999,06777099999,06771099999"
milan,2024-06-01,78.7,55.3,67.9,78.7,55.3,67.9,54.3,63.8,0.001,100,4.17,rain,0,0,19.7,9.8,264,1010.3,43.1,6.2,296.5,25.4,8,,2024-06-01T05:38:01,2024-06-01T21:04:57,0.82,"Rain, Partially cloudy",Partly cloudy throughout the day with early morning rain.,rain,"16080099999,D6875,16076099999,16066099999,06777099999,06771099999"
milan,2024-06-02,76.9,59,66.4,76.9,59,66.4,55.5,69.9,0.444,100,25,rain,0,0,16.1,20.7,253.4,1014.8,46.2,6.1,289.1,24.8,8,,2024-06-02T05:37:29,2024-06-02T21:05:47,0.85,"Rain, Partially cloudy",Partly cloudy throughout the day with rain.,rain,"16080099999,D6875,16076099999,16066099999,06777099999,06771099999"
milan,2024-06-03,75.1,58.9,65.9,75.1,58.9,65.9,58.3,78.6,0.041,100,12.5,rain,0,0,12.8,6.8,242,1013.5,55,5.8,237.3,20.7,9,,2024-06-03T05:37:00,2024-06-03T21:06:35,0.89,"Rain, Partially cloudy",Partly cloudy throughout the day with rain.,rain,"16080099999,LIMC,D6875,16076099999,LIME,16066099999,06771099999,LIML"
milan,2024-06-04,76.8,60.4,68.6,76.8,60.4,68.6,57.4,68,0,0,0,,0,0,13.9,5.7,265.8,1013.4,43.1,6.2,213.6,18.5,9,,2024-06-04T05:36:33,2024-06-04T21:07:21,0.92,Partially cloudy,Partly cloudy throughout the day.,partly-cloudy-day,"16080099999,D6875,16076099999,16066099999,06771099999"
milan,2024-06-05,80.3,62.3,71.2,81.5,62.3,71.2,59.8,68.9,0,0,0,,0,0,11.4,7.8,240.5,1015.1,31.7,6.2,279.8,24.2,9,,2024-06-05T05:36:08,2024-06-05T21:08:06,0.96,Partially cloudy,Partly cloudy throughout the day.,partly-cloudy-day,"16080099999,D6875,16076099999,16066099999,06771099999"
milan,2024-06-06,80.6,63.9,73,81.8,63.9,73.3,61,67.1,0,0,0,,0,0,16.1,7.8,248.3,1017.1,40.5,6.2,280.7,24.3,9,,2024-06-06T05:35:46,2024-06-06T21:08:49,0,Partially cloudy,Partly cloudy throughout the day.,partly-cloudy-day,"16080099999,D6875,16076099999,16066099999,06771099999"
milan,2024-06-07,82.2,67.5,74.1,84.3,67.5,74.6,63.6,70.5,0,0,0,,0,0,9.2,6.6,252.4,1016.5,63.8,6.2,197,17,6,,2024-06-07T05:35:25,2024-06-07T21:09:30,0.03,Partially cloudy,Partly cloudy throughout the day.,partly-cloudy-day,"16080099999,D6875,16076099999,16066099999,06777099999,06771099999"
milan,2024-06-08,80.4,69.4,74.7,82.6,69.4,74.9,63.7,69.2,0,0,0,,0,0,9.2,6.9,242.5,1013.4,80.4,6.1,172.4,14.8,5,,2024-06-08T05:35:08,2024-06-08T21:10:10,0.06,Partially cloudy,Partly cloudy throughout the day.,partly-cloudy-day,"16080099999,D6875,16076099999,16066099999,06771099999"
milan,2024-06-09,80.3,67.8,73.5,81.5,67.8,73.6,63.2,71.4,0.001,100,4.17,rain,0,0,32.2,9.9,63.8,1007.6,69.7,5.8,161.4,14,7,,2024-06-09T05:34:52,2024-06-09T21:10:47,0.09,"Rain, Partially cloudy",Partly cloudy throughout the day with late afternoon rain.,rain,"16080099999,D6875,16076099999,16066099999,06777099999,06771099999"
milan,2024-06-10,82.2,64.2,72.7,83.7,64.2,72.9,62.3,72,0.072,100,4.17,rain,0,0,32.2,10.1,254.6,1004,50.2,6.2,285.9,24.6,8,,2024-06-10T05:34:39,2024-06-10T21:11:23,0.13,"Rain, Partially cloudy",Partly cloudy throughout the day with early morning rain.,rain,"16080099999,D6875,16076099999,16066099999,06771099999"
milan,2024-06-11,76.4,60.8,70,76.4,60.8,70,61.4,75,0.073,100,37.5,rain,0,0,34.4,13.5,85.1,1007.7,54,5.9,220.1,18.9,9,,2024-06-11T05:34:29,2024-06-11T21:11:57,0.16,"Rain, Partially cloudy",Partly cloudy throughout the day with rain.,rain,"16080099999,D6875,16076099999,16066099999,06777099999,06771099999"
milan,2024-06-12,75,58.9,65.2,75,58.9,65.2,58.9,81.9,2.607,100,25,rain,0,0,31.1,19.4,54.3,1011.2,71,6,182.6,15.9,7,,2024-06-12T05:34:20,2024-06-12T21:12:29,0.19,"Rain, Partially cloudy",Partly cloudy throughout the day with rain.,rain,"16080099999,D6875,16076099999,16066099999,06771099999"
milan,2024-06-13,75,58.7,65.8,75,58.7,65.8,56.7,74.5,0.08,100,8.33,rain,0,0,18.3,7.7,155.1,1014.5,45.1,6.2,252,21.8,9,,2024-06-13T05:34:14,2024-06-13T21:12:58,0.22,"Rain, Partially cloudy",Partly cloudy throughout the day with rain.,rain,"16080099999,D6875,16076099999,16066099999,06777099999,06771099999"
milan,2024-06-14,74.8,60.8,67.9,74.8,60.8,67.9,57.4,70.2,0,0,0,,0,0,8.1,7.6,266.3,1016.2,58.1,6.2,211.2,18.1,7,,2024-06-14T05:34:11,2024-06-14T21:13:26,0.25,Partially cloudy,Partly cloudy throughout the day.,partly-cloudy-day,"16080099999,D6875,16076099999,16066099999,06777099999,06771099999"
milan,2024-06-15,73.1,65.9,69.2,73.1,65.9,69.2,60.7,74.6,0.011,100,16.67,rain,0,0,12.8,9,62.4,1011.6,67.9,6.2,137.3,11.8,5,,2024-06-15T05:34:10,2024-06-15T21:13:51,0.29,"Rain, Partially cloudy",Partly cloudy throughout the day with rain.,rain,"16080099999,D6875,16076099999,16066099999,06771099999"
milan,2024-06-16,80.3,62.4,70.9,80.9,62.4,70.9,59.8,70.5,0.038,100,4.17,rain,0,0,15,6.7,272.1,1010.9,47.7,6.2,257.8,22.3,9,,2024-06-16T05:34:11,2024-06-16T21:14:14,0.32,"Rain, Partially cloudy",Partly cloudy throughout the day with early morning rain.,rain,"16080099999,D6875,16076099999,16066099999,06777099999,06771099999"
milan,2024-06-17,82.3,64,74.1,82.4,64,74.2,58.9,60.3,0,0,0,,0,0,11.4,6.6,226.6,1015.3,36,6.2,293.9,25.1,9,,2024-06-17T05:34:14,2024-06-17T21:14:35,0.35,Partially cloudy,Partly cloudy throughout the day.,partly-cloudy-day,"16080099999,D6875,16076099999,16066099999,06771099999"
milan,2024-06-18,85.8,64.5,76.6,86.3,64.5,77,63,64.5,0,0,0,,0,0,10.3,5.6,153.8,1017.3,46.8,6.2,222.3,19,7,,2024-06-18T05:34:20,2024-06-18T21:14:54,0.38,Partially cloudy,Partly cloudy throughout the day.,partly-cloudy-day,"16080099999,D6875,16076099999,16066099999,06771099999"
milan,2024-06-19,87.6,69.7,79.1,88.3,69.7,79.7,64.1,61.7,0,0,0,,0,0,11.4,7,201.3,1016.4,35.1,6.2,227.8,19.7,8,,2024-06-19T05:34:28,2024-06-19T21:15:11,0.42,Partially cloudy,Partly cloudy throughout the day.,partly-cloudy-day,"16080099999,D6875,16076099999,16066099999,06777099999,06771099999"
milan,2024-06-20,83.8,71.5,77.9,85.4,71.5,78.4,66.9,69.7,0.004,100,8.33,rain,0,0,10.3,12.4,276,1018.8,52.3,6.2,148.9,12.8,5,,2024-06-20T05:34:38,2024-06-20T21:15:25,0.45,"Rain, Partially cloudy",Partly cloudy throughout the day with afternoon rain.,rain,"16080099999,D6875,16076099999,16066099999,06771099999"
milan,2024-06-21,81.9,69.5,74.7,86.2,69.5,75.7,69,83,0.078,100,25,rain,0,0,19.7,26.3,267.2,1015,53.7,5.7,131.5,11.3,6,,2024-06-21T05:34:51,2024-06-21T21:15:37,0.48,"Rain, Partially cloudy",Partly cloudy throughout the day with rain.,rain,"16080099999,D6875,16076099999,16066099999,06771099999"
milan,2024-06-22,84,62.3,73.3,83.7,62.3,73.3,60.1,66.4,0.011,100,12.5,rain,0,0,35.8,14.6,271.4,1010.5,27.1,6.2,236.4,20.5,7,,2024-06-22T05:35:06,2024-06-22T21:15:47,0.5,"Rain, Partially cloudy",Becoming cloudy in the afternoon with rain.,rain,"16080099999,D6875,16076099999,16066099999,06771099999"
milan,2024-06-23,70.8,62.5,65.2,70.8,62.5,65.2,59.3,82.8,0.246,100,41.67,rain,0,0,35.8,9.1,12.7,1011.5,79.6,6,79.5,6.8,4,,2024-06-23T05:35:23,2024-06-23T21:15:55,0.55,"Rain, Partially cloudy",Partly cloudy throughout the day with a chance of rain throughout the day.,rain,"16080099999,D6875,16076099999,16066099999,06771099999"
milan,2024-06-24,73.2,62.4,67.4,73.2,62.4,67.4,63.3,87,0.082,100,25,rain,0,0,13.9,9,276.1,1013.7,75,6.2,88.7,7.8,3,,2024-06-24T05:35:42,2024-06-24T21:16:00,0.59,"Rain, Partially cloudy",Partly cloudy throughout the day with a chance of rain throughout the day.,rain,"16080099999,D6875,16076099999,16066099999,06777099999,06771099999"
milan,2024-06-25,73.5,64.4,68.3,73.5,64.4,68.3,64.3,87.4,0.404,100,25,rain,0,0,15,8.8,286.4,1013.1,64,6,129.8,11.1,4,,2024-06-25T05:36:03,2024-06-25T21:16:02,0.62,"Rain, Partially cloudy",Partly cloudy throughout the day with rain.,rain,"16080099999,16076099999,D6875,16066099999,06771099999"
milan,2024-06-26,82,62.4,71.4,83,62.4,71.6,63.5,78.6,0.001,100,4.17,rain,0,0,9.2,6.7,307,1012,42,6.1,164.9,14.2,7,,2024-06-26T05:36:27,2024-06-26T21:16:03,0.66,"Rain, Partially cloudy",Partly cloudy throughout the day with late afternoon rain.,rain,"16080099999,D6875,16076099999,16066099999,06771099999,LIML"
milan,2024-06-27,87.6,64.3,76.6,91.2,64.3,77.8,66.2,72.6,0,0,0,,0,0,10.3,7.7,251.3,1010.9,52.7,6.1,273.9,23.7,8,,2024-06-27T05:36:52,2024-06-27T21:16:01,0.69,Partially cloudy,Clearing in the afternoon.,partly-cloudy-day,"16080099999,D6875,16076099999,16066099999,06771099999"
milan,2024-06-28,91.1,69.6,80.4,95.3,69.6,82.1,65.8,62.1,0,0,0,,0,0,10.3,6.5,249.1,1015,49.1,6.2,259,22.4,8,,2024-06-28T05:37:19,2024-06-28T21:15:56,0.75,Partially cloudy,Clearing in the afternoon.,partly-cloudy-day,"16080099999,D6875,16076099999,16066099999,06777099999,06771099999"
milan,2024-06-29,87.5,74.6,81.2,93.9,74.6,85.1,71.7,73.4,0,0,0,,0,0,19.7,11.3,109.3,1015.9,53.5,6.2,109.8,9.5,6,,2024-06-29T05:37:49,2024-06-29T21:15:49,0.76,Partially cloudy,Partly cloudy throughout the day.,partly-cloudy-day,"16080099999,D6875,16076099999,16066099999,06777099999,06771099999,LIML"
milan,2024-06-30,85.7,71.5,79.1,87.9,71.5,80,66.7,67.5,0,0,0,,0,0,20.8,9.2,221.7,1010.7,44.9,6.2,223.5,19.4,8,,2024-06-30T05:38:20,2024-06-30T21:15:40,0.8,Partially cloudy,Partly cloudy throughout the day.,partly-cloudy-day,"16080099999,D6875,16076099999,16066099999,06771099999"
milan,2024-07-01,83.7,69.5,76.2,86.8,69.5,77,66.4,72.2,0.003,100,4.17,rain,0,0,16.1,9,261.7,1010.1,54,6.2,190.9,16.5,7,,2024-07-01T05:38:54,2024-07-01T21:15:28,0.84,"Rain, Partially cloudy",Partly cloudy throughout the day with late afternoon rain.,rain,"16080099999,D6875,16076099999,16066099999,06777099999,06771099999"
milan,2024-07-02,84.1,64.2,75.9,84.3,64.2,76.1,62.2,64.8,0,0,0,,0,0,18.3,7.9,106.4,1008.9,29.9,6.2,263.6,22.7,8,,2024-07-02T05:39:29,2024-07-02T21:15:14,0.87,Partially cloudy,Partly cloudy throughout the day.,partly-cloudy-day,"16080099999,D6875,16076099999,16066099999,06771099999"
milan,2024-07-03,71.6,64.5,67.8,71.6,64.5,67.8,61.6,81.2,0.822,100,8.33,rain,0,0,15,14.2,109.1,1008.2,72.2,6,74.3,6.5,3,,2024-07-03T05:40:06,2024-07-03T21:14:58,0.91,"Rain, Partially cloudy",Partly cloudy throughout the day with rain clearing later.,rain,"16080099999,D6875,16076099999,16066099999,06777099999,06771099999"
milan,2024-07-04,80.5,62.4,71.1,81,62.4,71.2,60.8,73.1,0,0,0,,0,0,12.8,5.9,140.9,1010.2,35.2,6,253.5,22,8,,2024-07-04T05:40:45,2024-07-04T21:14:39,0.94,Partially cloudy,Partly cloudy throughout the day.,partly-cloudy-day,"16080099999,D6875,16076099999,16066099999,06771099999"
milan,2024-07-05,84.1,65.5,75.1,84.8,65.5,75.4,62.6,67,0,0,0,,0,0,12.8,5.7,156.7,1013.9,23.9,6.2,262.5,22.8,8,,2024-07-05T05:41:26,2024-07-05T21:14:17,0.98,Partially cloudy,Partly cloudy throughout the day.,partly-cloudy-day,"16080099999,D6875,16076099999,16066099999,06777099999,06771099999"
milan,2024-07-06,83.4,71.4,77.4,83.9,71.4,77.8,64.2,64.8,0.034,100,25,rain,0,0,11.4,7.7,134.3,1011.6,55,6.2,170.9,14.6,6,,2024-07-06T05:42:08,2024-07-06T21:13:54,0,"Rain, Partially cloudy",Partly cloudy throughout the day with rain.,rain,"16080099999,D6875,16076099999,16066099999,06771099999"
milan,2024-07-07,83.4,71.2,76,84.4,71.2,76.4,65.3,70.2,0.257,100,54.17,rain,0,0,11.4,11,62.4,1010.9,62.1,6.2,199.8,17.3,8,,2024-07-07T05:42:52,2024-07-07T21:13:28,0.05,"Rain, Partially cloudy",Partly cloudy throughout the day with a chance of rain throughout the day.,rain,"16080099999,D6875,16076099999,16066099999,06771099999"
milan,2024-07-08,85.8,69.5,77,89.2,69.5,78,66.5,71.8,0.131,100,20.83,rain,0,0,9.2,7.8,22.8,1014.9,56.7,6.2,233.3,20.1,8,,2024-07-08T05:43:38,2024-07-08T21:12:59,0.08,"Rain, Partially cloudy",Partly cloudy throughout the day with rain clearing later.,rain,"16080099999,D6875,16076099999,16066099999,06771099999"
milan,2024-07-09,91.2,67.9,80.7,93.8,67.9,82.4,67.6,67,0,0,0,,0,0,12.8,5.7,246.5,1016.2,31.7,6.2,262.6,22.6,8,,2024-07-09T05:44:25,2024-07-09T21:12:29,0.11,Partially cloudy,Partly cloudy throughout the day.,partly-cloudy-day,"16080099999,D6875,16076099999,16066099999,06777099999,06771099999"
milan,2024-07-10,93,66.6,82.8,97.1,66.6,85,68.3,64.1,0,0,0,,0,0,9.2,5.9,256.7,1015.3,21.8,6.2,270.4,23.2,8,,2024-07-10T05:45:14,2024-07-10T21:11:55,0.14,Partially cloudy,Partly cloudy throughout the day.,partly-cloudy-day,"16080099999,D6875,16076099999,06770099999,16066099999,06777099999,06771099999"
milan,2024-07-11,93,74.8,84.6,98.9,74.8,87.5,66.1,54.4,0,0,0,,0,0,9.2,6.7,230.7,1013.9,33.3,6.2,260.4,22.7,8,,2024-07-11T05:46:04,2024-07-11T21:11:20,0.18,Partially cloudy,Becoming cloudy in the afternoon.,partly-cloudy-day,"16080099999,D6875,16076099999,C7783,16066099999,06771099999"
milan,2024-07-12,84,71.5,78.1,88.2,71.5,79.1,67.1,70.1,0.142,100,29.17,rain,0,0,63.3,13.7,309,1011.2,58.4,6.2,214.2,18.5,8,,2024-07-12T05:46:55,2024-07-12T21:10:42,0.21,"Rain, Partially cloudy",Partly cloudy throughout the day with rain in the morning and afternoon.,rain,"16080099999,LIMC,D6875,16076099999,06770099999,16066099999,06777099999,06771099999,LIML"
milan,2024-07-13,86.6,69.4,78.4,89,69.4,79.5,67.3,70.9,0.024,100,8.33,rain,0,0,18.8,6.8,269.4,1009.3,48,6.2,176.9,15.2,7,,2024-07-13T05:47:48,2024-07-13T21:10:02,0.24,"Rain, Partially cloudy",Partly cloudy throughout the day with rain clearing later.,rain,"16080099999,LIMC,D6875,16076099999,16084099999,06770099999,LIME,16066099999,06777099999,LIML,06771099999"
milan,2024-07-14,87.6,67.8,79.2,90.6,67.8,80,63.8,60.6,0,0,0,,0,0,13.3,6.9,252.5,1011.4,30.9,6.2,263.5,22.8,8,,2024-07-14T05:48:42,2024-07-14T21:09:20,0.25,Partially cloudy,Partly cloudy throughout the day.,partly-cloudy-day,"16080099999,LIMC,D6875,16076099999,16084099999,06770099999,LIME,16066099999,06777099999,06771099999,LIML"
milan,2024-07-15,91.1,69.5,80.9,91.9,69.5,81.6,63.4,57.4,0,0,0,,0,0,11.4,6.7,158.4,1012.7,9.1,6.2,268,23.1,8,,2024-07-15T05:49:37,2024-07-15T21:08:36,0.31,Clear,Clear conditions throughout the day.,clear-day,"16080099999,LIMC,D6875,16076099999,LIME,16066099999,06777099999,06771099999,LIML"
milan,2024-07-16,91.2,75,83.6,95.2,75,85.5,64.8,53.8,0,0,0,,0,0,9.2,5.8,244.8,1011.6,24.4,6.2,268.4,23,8,,2024-07-16T05:50:34,2024-07-16T21:07:49,0.34,Partially cloudy,Partly cloudy throughout the day.,partly-cloudy-day,"16080099999,D6875,16076099999,16066099999,06771099999"
milan,2024-07-17,91.2,74.8,82.7,95.2,74.8,84.9,67.4,61,0,0,0,,0,0,23,7.7,238.9,1014,32.9,6.2,246.2,21.5,8,,2024-07-17T05:51:32,2024-07-17T21:07:01,0.37,Partially cloudy,Clearing in the afternoon.,partly-cloudy-day,"16080099999,D6875,16076099999,16066099999,06777099999,06771099999"
milan,2024-07-18,92.9,73.3,84,98.7,73.3,87.1,69.6,64.1,0,0,0,,0,0,10.6,7.8,170.4,1016.7,22.7,6.2,252.3,21.6,8,,2024-07-18T05:52:30,2024-07-18T21:06:10,0.4,Partially cloudy,Partly cloudy throughout the day.,partly-cloudy-day,"16080099999,D6875,16076099999,16066099999,06777099999,06771099999"
milan,2024-07-19,94.5,76.7,83.6,99.4,76.7,86.7,69.4,63.6,0.108,100,4.17,rain,0,0,15,9.9,36.5,1015.4,26.4,6.2,228.5,19.8,8,,2024-07-19T05:53:30,2024-07-19T21:05:17,0.43,"Rain, Partially cloudy",Becoming cloudy in the afternoon with late afternoon rain.,rain,"16080099999,D6875,16076099999,16066099999,06777099999,06771099999"
milan,2024-07-20,89.5,69.7,80.2,92.2,69.7,81.3,66.8,66.1,0.076,100,12.5,rain,0,0,21.9,7.1,237.9,1010.5,29.3,6.2,233.8,20.3,8,,2024-07-20T05:54:31,2024-07-20T21:04:22,0.47,"Rain, Partially cloudy",Partly cloudy throughout the day with rain clearing later.,rain,"16080099999,LIMC,D6875,16076099999,06770099999,LIME,16066099999,06777099999,06771099999,LIML"
milan,2024-07-21,89.3,73.1,81.1,92.3,73.1,82.7,66.9,63,0,0,0,,0,0,15,8.7,99.3,1008.9,33.9,6.2,200.3,17.2,8,,2024-07-21T05:55:33,2024-07-21T21:03:25,0.5,Partially cloudy,Partly cloudy throughout the day.,partly-cloudy-day,"16080099999,D6875,16076099999,16066099999,06771099999"
milan,2024-07-22,91.4,71.4,81.7,96.7,71.4,83.7,68,65.4,0,0,0,,0,0,13.9,8.8,222.2,1011.2,33.4,6.2,265.4,22.9,8,,2024-07-22T05:56:36,2024-07-22T21:02:26,0.54,Partially cloudy,Partly cloudy throughout the day.,partly-cloudy-day,"16080099999,D6875,16076099999,16066099999,06771099999"
milan,2024-07-23,89.5,74.9,81.8,93.4,74.9,83.9,67.9,63.7,0,0,0,,0,0,18.3,11,81.9,1014.9,41.6,6.2,204.6,17.7,8,,2024-07-23T05:57:39,2024-07-23T21:01:25,0.57,Partially cloudy,Partly cloudy throughout the day.,partly-cloudy-day,"16080099999,D6875,16076099999,16066099999,06777099999,06771099999,LIML"
milan,2024-07-24,91.1,74.9,83,94.4,74.9,85.3,68.4,63,0,0,0,,0,0,9.2,9.6,105.6,1012.3,44,6.2,240.3,20.5,7,,2024-07-24T05:58:43,2024-07-24T21:00:21,0.61,Partially cloudy,Partly cloudy throughout the day.,partly-cloudy-day,"16080099999,D6875,16076099999,16066099999,06777099999,06771099999"
milan,2024-07-25,89.4,75.1,82.5,92.1,75.1,84.1,66.3,58.9,0,0,0,,0,0,10.3,8.9,110.5,1011.4,37,6.2,247.6,21.3,7,,2024-07-25T05:59:48,2024-07-25T20:59:17,0.64,Partially cloudy,Partly cloudy throughout the day.,partly-cloudy-day,"16080099999,D6875,16076099999,16066099999,06771099999"
milan,2024-07-26,89.6,74.8,82.8,92.1,74.8,84,65.8,58.1,0,0,0,,0,0,12.8,9.7,112.4,1012,45.4,6.2,14.3,1.2,1,,2024-07-26T06:00:54,2024-07-26T20:58:10,0.68,Partially cloudy,Partly cloudy throughout the day.,partly-cloudy-day,"16080099999,D6875,16076099999,16066099999,06777099999,06771099999"
milan,2024-07-27,91.3,75,83.4,98.2,75,86.7,69.2,63.5,0.002,100,8.33,rain,0,0,13.9,7.6,161,1014.9,49.5,6.2,0,0,0,,2024-07-27T06:02:01,2024-07-27T20:57:01,0.71,"Rain, Partially cloudy",Clearing in the afternoon with rain clearing later.,rain,"16080099999,D6875,16076099999,16066099999,06777099999,06771099999"
milan,2024-07-28,94.8,75.1,85.2,102.8,75.1,88.8,69.7,61.6,0,0,0,,0,0,12.8,7.9,231.2,1016.6,29,6.2,0,0,0,,2024-07-28T06:03:08,2024-07-28T20:55:51,0.75,Partially cloudy,Partly cloudy throughout the day.,partly-cloudy-day,"16080099999,D6875,16076099999,16066099999,06777099999,06771099999"
milan,2024-07-29,91.3,75.2,83.9,96.9,75.2,87.3,68.9,61.4,0,0,0,,0,0,20.8,12.1,144.5,1018,39.7,6.2,0,0,0,,2024-07-29T06:04:15,2024-07-29T20:54:38,0.78,Partially cloudy,Partly cloudy throughout the day.,partly-cloudy-day,"16080099999,D6875,16076099999,16066099999,06771099999"
milan,2024-07-30,91.2,76.8,84,95.3,76.8,86.6,67.8,59.2,0,0,0,,0,0,9.2,7.7,123.3,1016.8,58.8,6.2,223,19,8,,2024-07-30T06:05:24,2024-07-30T20:53:24,0.82,Partially cloudy,Clearing in the afternoon.,partly-cloudy-day,"16080099999,D6875,16076099999,16066099999,06771099999"
milan,2024-07-31,93.1,78.6,85,100.5,78.6,88.5,68.9,59.5,0,0,0,,0,0,15,6.1,240.6,1014,46,6.2,238.2,20.6,8,,2024-07-31T06:06:32,2024-07-31T20:52:09,0.86,Partially cloudy,Partly cloudy throughout the day.,partly-cloudy-day,"16080099999,LIMC,D6875,16076099999,LIME,16066099999,06771099999,LIML"
milan,2024-08-01,93.1,75,84.4,100.8,75,88.5,69.9,62.9,0,0,0,,0,0,15,8,239.3,1010.3,30.3,6.2,239.7,20.6,8,,2024-08-01T06:07:42,2024-08-01T20:50:51,0.89,Partially cloudy,Partly cloudy throughout the day.,partly-cloudy-day,"16080099999,D6875,16076099999,16066099999,06777099999,06771099999"
milan,2024-08-02,92.4,73,82.4,97.9,73,84.3,67,61.1,0,0,0,,0,0,23,8.8,25.4,1008.7,29.6,6.2,242.8,21,8,,2024-08-02T06:08:51,2024-08-02T20:49:32,0.93,Partially cloudy,Partly cloudy throughout the day.,partly-cloudy-day,"16080099999,LIMC,D6875,16076099999,LIME,16066099999,06771099999,LIML"
milan,2024-08-03,91.5,71.3,81.7,96.3,71.3,84,68.5,65.9,0.001,100,4.17,rain,0,0,23,14.2,105.1,1008.2,33.1,6.1,240.2,20.7,8,,2024-08-03T06:10:01,2024-08-03T20:48:12,0.96,"Rain, Partially cloudy",Partly cloudy throughout the day with early morning rain.,rain,"16080099999,LIMC,D6875,16076099999,LIME,16066099999,06777099999,06771099999,LIML"
milan,2024-08-04,89.6,74.9,82.1,92.1,74.9,83.5,67,61.6,0,0,0,,0,0,15,6.8,123.1,1011.1,53.8,6.2,241.1,20.8,8,,2024-08-04T06:11:12,2024-08-04T20:46:50,0,Partially cloudy,Partly cloudy throughout the day.,partly-cloudy-day,"16080099999,D6875,16076099999,16066099999,06771099999"
milan,2024-08-05,91.3,76.5,82.9,94,76.5,84.3,65.7,57.4,0,0,0,,0,0,10.3,10.9,125.8,1011.1,45.9,6.2,235.3,20.4,8,,2024-08-05T06:12:22,2024-08-05T20:45:26,0.03,Partially cloudy,Partly cloudy throughout the day.,partly-cloudy-day,"16080099999,D6875,16076099999,16066099999,06771099999"
milan,2024-08-06,91.4,73.4,82.4,95.5,73.4,84.5,67.9,62.8,0,0,0,,0,0,11.4,7.9,134.2,1010.9,36.8,6.2,238,20.4,8,,2024-08-06T06:13:34,2024-08-06T20:44:01,0.06,Partially cloudy,Partly cloudy throughout the day.,partly-cloudy-day,"16080099999,D6875,16076099999,06770099999,16066099999,06777099999,06771099999"
milan,2024-08-07,90.6,66.8,78.9,95.9,66.8,80.8,69.3,74.1,0.973,100,4.17,rain,0,0,15,21.8,232.2,1011.7,49.5,6,191,16.3,8,,2024-08-07T06:14:45,2024-08-07T20:42:35,0.1,"Rain, Partially cloudy",Partly cloudy throughout the day with late afternoon rain.,rain,"16080099999,D6875,16076099999,16066099999,06771099999"
milan,2024-08-08,87.8,66,76.5,91.3,66,77.7,67.3,76.1,0.007,100,4.17,rain,0,0,12.8,4.7,192.4,1013.5,10.8,6,233.8,20.2,8,,2024-08-08T06:15:56,2024-08-08T20:41:07,0.13,Rain,Clear conditions throughout the day with morning rain.,rain,"16080099999,D6875,16076099999,16066099999,06771099999,LIML"
milan,2024-08-09,91.3,71.4,81.3,96.9,71.4,83.9,69.7,69.8,0,0,0,,0,0,13.9,5.8,177.1,1015.3,16.8,6.2,239.5,20.8,8,,2024-08-09T06:17:08,2024-08-09T20:39:37,0.16,Clear,Clear conditions throughout the day.,clear-day,"16080099999,D6875,16076099999,16066099999,06777099999,06771099999"
milan,2024-08-10,93.1,74.9,83.3,99.1,74.9,86.9,71.2,68.8,0,0,0,,0,0,9.2,5.8,160.6,1018.2,9.6,6.2,238.5,20.7,8,,2024-08-10T06:18:20,2024-08-10T20:38:07,0.19,Clear,Clear conditions throughout the day.,clear-day,"16080099999,D6875,16076099999,16066099999,06777099999,06771099999"
milan,2024-08-11,93.2,75.1,83.9,100.8,75.1,88.5,72.6,70.7,0,0,0,,0,0,11.4,6.8,171.8,1018.1,35.8,6.2,219,18.8,8,,2024-08-11T06:19:33,2024-08-11T20:36:35,0.23,Partially cloudy,Partly cloudy throughout the day.,partly-cloudy-day,"16080099999,LIMC,D6875,16076099999,LIME,16066099999,06771099999,LIML"
milan,2024-08-12,96.6,75.1,85.5,103.1,75.1,90.4,72,66.4,0.028,100,8.33,rain,0,0,12.3,8.1,194.3,1013.5,47.6,6.2,231.2,20,8,,2024-08-12T06:20:45,2024-08-12T20:35:02,0.25,"Rain, Partially cloudy",Clearing in the afternoon with late afternoon rain.,rain,"LIMC,D6875,LIME,LIML"
milan,2024-08-13,94.9,76.6,85.1,99.4,76.6,88.6,70.5,63.9,0,0,0,,0,0,11.4,5.8,147.7,1010.2,42.8,6.2,234.4,20.2,8,,2024-08-13T06:21:57,2024-08-13T20:33:27,0.29,Partially cloudy,Partly cloudy throughout the day.,partly-cloudy-day,"16080099999,D6875,16076099999,16066099999,06777099999,06771099999"
milan,2024-08-14,91.4,73.3,81.9,97.9,73.3,84.2,68.4,64.7,0,0,0,,0,0,15,9,250.1,1011.3,29.2,6.2,184,16,8,,2024-08-14T06:23:10,2024-08-14T20:31:52,0.33,Partially cloudy,Partly cloudy throughout the day.,partly-cloudy-day,"16080099999,D6875,16076099999,16066099999,06777099999,06771099999"
milan,2024-08-15,86,68,76,88.3,68,76.6,66.8,74.5,0,0,0,,0,0,17.2,12.6,250.2,1016.1,43.7,6.2,152.3,13.3,7,,2024-08-15T06:24:23,2024-08-15T20:30:15,0.36,Partially cloudy,Partly cloudy throughout the day.,partly-cloudy-day,"16080099999,D6875,16076099999,16066099999,06777099999,06771099999"
milan,2024-08-16,87.8,69.8,78.9,91.8,69.8,80.7,69.1,73.9,0,0,0,,0,0,15,7,248.5,1015.7,30.1,6.2,162.6,14.1,6,,2024-08-16T06:25:36,2024-08-16T20:28:37,0.39,Partially cloudy,Becoming cloudy in the afternoon.,partly-cloudy-day,"16080099999,D6875,16076099999,16066099999,06777099999,06771099999"
milan,2024-08-17,89.7,69.7,80.3,93.2,69.7,81.6,66.7,65.6,0,0,0,,0,0,15,8.2,226.2,1012.1,28.5,6.2,237.4,20.5,8,,2024-08-17T06:26:48,2024-08-17T20:26:58,0.42,Partially cloudy,Partly cloudy throughout the day.,partly-cloudy-day,"16080099999,D6875,16076099999,16066099999,06777099999,06771099999"
milan,2024-08-18,80.5,69.9,74.3,83.1,69.9,74.4,67.5,79.6,0.028,100,16.67,rain,0,0,20.8,12.1,89,1007.8,50.9,6.2,100.9,8.6,4,,2024-08-18T06:28:01,2024-08-18T20:25:18,0.46,"Rain, Partially cloudy",Partly cloudy throughout the day with rain clearing later.,rain,"16080099999,D6875,16076099999,16066099999,06771099999"
milan,2024-08-19,81,68,74,83.5,68,74.5,66.8,79.7,0.001,100,4.17,rain,0,0,23,8.9,199.4,1008.7,54.3,6.2,121.6,10.6,4,,2024-08-19T06:29:14,2024-08-19T20:23:37,0.5,"Rain, Partially cloudy",Partly cloudy throughout the day with early morning rain.,rain,"16080099999,D6875,16076099999,16066099999,06777099999,06771099999"
milan,2024-08-20,87.7,67.8,77.8,91.1,67.8,78.9,67.1,72,0,0,0,,0,0,12.5,6.9,198.4,1010.8,33.4,6.2,230.5,20,8,,2024-08-20T06:30:27,2024-08-20T20:21:55,0.52,Partially cloudy,Becoming cloudy in the afternoon.,partly-cloudy-day,"16080099999,LIMC,16064099999,D6875,16076099999,16084099999,LIME,06770099999,16066099999,06777099999,06771099999,LIML"
milan,2024-08-21,91.5,69.7,80.4,95.1,69.7,81.9,67.9,68.5,0,0,0,,0,0,10.3,6.8,236.2,1010.6,20.6,6.2,224.8,19.5,8,,2024-08-21T06:31:40,2024-08-21T20:20:13,0.56,Partially cloudy,Partly cloudy throughout the day.,partly-cloudy-day,"16080099999,D6875,16076099999,16066099999,06771099999"
milan,2024-08-22,87.6,74.7,80.3,91.1,74.7,81.6,68.1,67.3,0.003,100,8.33,rain,0,0,12.8,11,102.2,1012.6,42.2,6.2,172.5,14.9,6,,2024-08-22T06:32:53,2024-08-22T20:18:29,0.59,"Rain, Partially cloudy",Partly cloudy throughout the day with afternoon rain.,rain,"16080099999,D6875,16076099999,16066099999,06777099999,06771099999"
milan,2024-08-23,89.5,73.1,80.8,95.9,73.1,82.9,68.5,67.6,0,0,0,,0,0,12.8,5.8,131.1,1014,44.8,6.2,203.5,17.6,7,,2024-08-23T06:34:07,2024-08-23T20:16:44,0.63,Partially cloudy,Clearing in the afternoon.,partly-cloudy-day,"16080099999,D6875,16076099999,16066099999,06777099999,06771099999"
milan,2024-08-24,91.4,69.8,80.8,95.1,69.8,82.6,67,64.8,0,0,0,,0,0,11.4,6.8,210.1,1015.7,28.1,6.2,204.4,17.7,7,,2024-08-24T06:35:20,2024-08-24T20:14:59,0.66,Partially cloudy,Partly cloudy throughout the day.,partly-cloudy-day,"16080099999,D6875,16076099999,16066099999,06771099999"
milan,2024-08-25,89.7,71.5,80.5,93.4,71.5,82.4,66.9,64.1,0,0,0,,0,0,11.2,5.8,251.3,1014.2,49.8,6.2,198.1,17.2,7,,2024-08-25T06:36:33,2024-08-25T20:13:13,0.7,Partially cloudy,Partly cloudy throughout the day.,partly-cloudy-day,"16080099999,D6875,16076099999,16066099999,06771099999,LIML"
milan,2024-08-26,86.8,73.4,78.9,87.6,73.4,79.1,64.5,63.3,0.095,100,12.5,rain,0,0,18.3,12.6,3.8,1014,43.5,6.2,173,15.1,7,,2024-08-26T06:37:46,2024-08-26T20:11:25,0.75,"Rain, Partially cloudy",Partly cloudy throughout the day with a chance of rain throughout the day.,rain,"16080099999,D6875,16076099999,16066099999,06771099999"
milan,2024-08-27,89.4,67.9,78.2,91,67.9,78.7,64.1,64.2,0.004,100,4.17,rain,0,0,31.1,17.2,35.5,1016.2,42.6,6.2,164.5,14.1,7,,2024-08-27T06:38:59,2024-08-27T20:09:38,0.77,"Rain, Partially cloudy",Partly cloudy throughout the day with afternoon rain.,rain,"16080099999,D6875,16076099999,16066099999,06777099999,06771099999"
milan,2024-08-28,89.5,67.8,78.5,91.9,67.8,79.3,65.4,67,0.011,100,4.17,rain,0,0,27.7,5.8,243.5,1017.6,10.9,6.2,195.3,16.9,7,,2024-08-28T06:40:12,2024-08-28T20:07:49,0.8,Rain,Clear conditions throughout the day with early morning rain.,rain,"16080099999,D6875,16076099999,16066099999,06771099999"
milan,2024-08-29,91.3,67.9,79.5,94,67.9,80.5,66.5,67.8,0,0,0,,0,0,11.4,5.8,238.9,1017.3,0.5,6.2,198.3,17.1,7,,2024-08-29T06:41:25,2024-08-29T20:06:00,0.84,Clear,Clear conditions throughout the day.,clear-day,"16080099999,D6875,16076099999,16066099999,06771099999"
milan,2024-08-30,93,68,79.9,94.9,68,80.9,66.1,66.1,0,0,0,,0,0,12.8,5.8,212.3,1016.7,1.6,6.2,192.5,16.7,7,,2024-08-30T06:42:38,2024-08-30T20:04:10,0.87,Clear,Clear conditions throughout the day.,clear-day,"16080099999,D6875,16076099999,16066099999,06771099999"
milan,2024-08-31,91.4,69.7,80.4,95.2,69.7,81.9,67.1,66,0,0,0,,0,0,9.2,4.8,270.2,1017,60.6,6.2,171.8,15.1,7,,2024-08-31T06:43:51,2024-08-31T20:02:20,0.91,Partially cloudy,Partly cloudy throughout the day.,partly-cloudy-day,"16080099999,D6875,16076099999,16066099999,06771099999"
milan,2024-09-01,93,71.3,80.9,92.4,71.3,81.2,65,62.5,0,0,0,,0,0,10.3,5.8,210.4,1014.8,41.6,6.2,174.1,15,6,,2024-09-01T06:45:04,2024-09-01T20:00:29,0.94,Partially cloudy,Partly cloudy throughout the day.,partly-cloudy-day,"16080099999,D6875,16076099999,16066099999,06777099999,06771099999"
milan,2024-09-02,84,69.7,75,86.2,69.7,75.5,66.3,75.7,0.093,100,8.33,rain,0,0,20.8,8.1,298.8,1013.5,59.1,6,122.8,10.5,5,,2024-09-02T06:46:17,2024-09-02T19:58:38,0.98,"Rain, Partially cloudy",Partly cloudy throughout the day with rain in the morning and afternoon.,rain,"16080099999,D6875,16076099999,16066099999,06771099999"
milan,2024-09-03,87.6,67.9,77.8,88.2,67.9,78.5,65.3,68.5,0,0,0,,0,0,11.4,5.7,214.2,1015.2,21.4,6.2,155.3,13.4,6,,2024-09-03T06:47:29,2024-09-03T19:56:46,0,Partially cloudy,Partly cloudy throughout the day.,partly-cloudy-day,"16080099999,D6875,16076099999,16066099999,06777099999,06771099999"
milan,2024-09-04,84.1,68,76,85.9,68,76.6,66.5,74.2,0.823,100,33.33,rain,0,0,26.4,13.2,42.9,1014.1,53.7,6.2,145.3,12.6,6,,2024-09-04T06:48:42,2024-09-04T19:54:53,0.04,"Rain, Partially cloudy",Partly cloudy throughout the day with rain.,rain,"16080099999,D6875,16076099999,16066099999,06777099999,06771099999"
milan,2024-09-05,71.5,64.7,69.3,71.5,64.7,69.3,66.1,89.8,4.443,100,50,rain,0,0,26.4,12,68.7,1008.9,78.1,5.3,70,6.1,4,,2024-09-05T06:49:55,2024-09-05T19:53:00,0.08,"Rain, Partially cloudy",Partly cloudy throughout the day with a chance of rain throughout the day.,rain,"16080099999,D6875,16076099999,16066099999,06777099999,06771099999"
milan,2024-09-06,80.2,67.5,71.5,82.3,67.5,71.6,66,84.1,0.755,100,37.5,rain,0,0,9.2,6.5,110.1,1012.4,63.4,5,123.7,10.7,6,,2024-09-06T06:51:08,2024-09-06T19:51:07,0.11,"Rain, Partially cloudy",Partly cloudy throughout the day with a chance of rain throughout the day.,rain,"16080099999,D6875,16076099999,16066099999,06777099999,06771099999"
milan,2024-09-07,82.1,64.3,73.4,84.1,64.3,73.8,65.8,78.6,0,0,0,,0,0,12.8,5.7,66.9,1015.9,42.9,6.2,156.8,13.4,6,,2024-09-07T06:52:21,2024-09-07T19:49:13,0.14,Partially cloudy,Partly cloudy throughout the day.,partly-cloudy-day,"16080099999,D6875,16076099999,16066099999,06777099999,06771099999"
milan,2024-09-08,74.8,67.9,71.2,74.8,67.9,71.2,68.7,91.8,1.297,100,66.67,rain,0,0,16.6,9.7,100.2,1011.6,74.3,4.9,28.8,2.5,1,,2024-09-08T06:53:34,2024-09-08T19:47:19,0.18,"Rain, Partially cloudy",Partly cloudy throughout the day with a chance of rain throughout the day.,rain,"16080099999,D6875,16076099999,16066099999,06777099999,06771099999"
milan,2024-09-09,84,64.3,73.1,83.2,64.3,73.1,62.1,72.5,0.418,100,16.67,rain,0,0,19.7,10.1,265.8,1003.1,42.6,5.5,172.3,14.8,6,,2024-09-09T06:54:47,2024-09-09T19:45:25,0.21,"Rain, Partially cloudy",Clearing in the afternoon with rain clearing later.,rain,"16080099999,D6875,16076099999,16066099999,06777099999,06771099999"
milan,2024-09-10,82.4,59.1,71.5,82.7,59.1,71.6,58.4,65.5,0,0,0,,0,0,19.5,6.9,210.2,1008.3,8.2,6.2,158.9,13.7,6,,2024-09-10T06:56:00,2024-09-10T19:43:30,0.24,Clear,Clear conditions throughout the day.,clear-day,"16080099999,D6875,16076099999,16066099999,06777099999,06771099999"
milan,2024-09-11,76.9,62.4,69.8,76.9,62.4,69.8,62.9,79.7,0.003,100,8.33,rain,0,0,9.2,6.7,115.2,1008,38.3,6.2,113.2,9.6,5,,2024-09-11T06:57:13,2024-09-11T19:41:35,0.25,"Rain, Partially cloudy",Clearing in the afternoon with late afternoon rain.,rain,"16080099999,D6875,16076099999,16066099999,06771099999"
milan,2024-09-12,69.3,57.6,64.4,69.3,57.6,64.4,58.9,82.7,0.076,100,12.5,rain,0,0,33.3,10.2,97.6,1003.1,52.5,6.1,91.9,7.9,3,,2024-09-12T06:58:26,2024-09-12T19:39:40,0.31,"Rain, Partially cloudy",Partly cloudy throughout the day with rain.,rain,"16080099999,D6875,16076099999,16066099999,06771099999"
milan,2024-09-13,71.2,49,60.6,71.2,49,60.6,40.7,56.9,0,0,0,,0,0,42.5,20.4,348.9,1008.2,48.2,6.2,156.9,13.5,6,,2024-09-13T06:59:39,2024-09-13T19:37:44,0.34,Partially cloudy,Becoming cloudy in the afternoon.,partly-cloudy-day,"16080099999,LIMC,D6875,16076099999,LIME,16066099999,06777099999,06771099999,LIML"
milan,2024-09-14,74.9,57.7,66.6,74.9,57.7,66.6,34.4,31.2,0,0,0,,0,0,30.2,17.2,338.4,1013.5,63.2,6.2,127.7,11.1,6,,2024-09-14T07:00:52,2024-09-14T19:35:49,0.38,Partially cloudy,Partly cloudy throughout the day.,partly-cloudy-day,"16080099999,D6875,16076099999,16066099999,06771099999"
milan,2024-09-15,78.9,50.3,63.9,78.9,50.3,63.9,48.5,60.6,0,0,0,,0,0,16.6,5.8,56,1012.4,7.2,6.2,153.3,13.3,6,,2024-09-15T07:02:05,2024-09-15T19:33:53,0.41,Clear,Clear conditions throughout the day.,clear-day,"16080099999,D6875,16076099999,16066099999,06777099999,06771099999"
milan,2024-09-16,71.7,51.8,64.4,71.7,51.8,64.4,50,61,0,0,0,,0,0,18.1,6.7,351.8,1012.1,43.9,6.2,123.3,10.7,6,,2024-09-16T07:03:18,2024-09-16T19:31:57,0.44,Partially cloudy,Partly cloudy throughout the day.,partly-cloudy-day,"16080099999,D6875,16076099999,16066099999,06777099999,06771099999"
milan,2024-09-17,67.8,58.7,62.6,67.8,58.7,62.6,53.7,73.5,0.036,100,4.17,rain,0,0,19.5,13.4,79.4,1015.5,53.6,6.2,94.8,8.1,4,,2024-09-17T07:04:32,2024-09-17T19:30:01,0.48,"Rain, Partially cloudy",Partly cloudy throughout the day with afternoon rain.,rain,"16080099999,D6875,16076099999,16066099999,06771099999"
milan,2024-09-18,64.4,53.4,59.4,64.4,53.4,59.4,53.6,81.7,0.072,100,4.17,rain,0,0,19,6.8,296.2,1019.5,59.2,6.2,97.7,8.2,4,,2024-09-18T07:05:45,2024-09-18T19:28:05,0.5,"Rain, Partially cloudy",Partly cloudy throughout the day with late afternoon rain.,rain,"16080099999,16076099999,D6875,16066099999,06771099999"
milan,2024-09-19,73.4,55.2,63.4,73.4,55.2,63.4,54.7,75.6,0.029,100,4.17,rain,0,0,18.8,7.9,306.3,1017.2,46.7,6.2,127.3,11,6,,2024-09-19T07:06:59,2024-09-19T19:26:09,0.54,"Rain, Partially cloudy",Partly cloudy throughout the day with early morning rain.,rain,"16080099999,D6875,16076099999,16066099999,06777099999,06771099999"
milan,2024-09-20,75,58.9,65,75,58.9,65,56,74.8,0.013,100,4.17,rain,0,0,11.6,6.7,338.4,1019.9,54,6.2,85.4,7.5,4,,2024-09-20T07:08:12,2024-09-20T19:24:13,0.58,"Rain, Partially cloudy",Partly cloudy throughout the day with morning rain.,rain,"16080099999,D6875,16076099999,16066099999,06771099999"
milan,2024-09-21,75.2,57.4,66,75.2,57.4,66,57.1,74.9,0,0,0,,0,0,12.8,4.7,26.2,1021.5,51.8,6.2,143.3,12.4,6,,2024-09-21T07:09:26,2024-09-21T19:22:17,0.61,Partially cloudy,Partly cloudy throughout the day.,partly-cloudy-day,"16080099999,D6875,16076099999,16066099999,06771099999"
milan,2024-09-22,73.3,55.6,64.2,73.3,55.6,64.2,56.9,79,0,0,0,,0,0,10.5,4.7,29.8,1018.5,57.7,6.2,125,10.8,5,,2024-09-22T07:10:40,2024-09-22T19:20:21,0.65,Partially cloudy,Partly cloudy throughout the day.,partly-cloudy-day,"16080099999,D6875,16076099999,16066099999,06771099999"
milan,2024-09-23,71.3,60.8,64,71.3,60.8,64,59.3,85.3,0.626,100,8.33,rain,0,0,19.5,9.7,69,1012.6,72.3,5,36.4,2.9,2,,2024-09-23T07:11:54,2024-09-23T19:18:25,0.68,"Rain, Partially cloudy",Partly cloudy throughout the day with rain.,rain,"16080099999,D6875,16076099999,16066099999,06771099999"
milan,2024-09-24,69.7,58.9,63.9,69.7,58.9,63.9,59.1,85.5,0.216,100,4.17,rain,0,0,12.8,6.6,231.4,1010,53.9,5.4,87,7.4,3,,2024-09-24T07:13:08,2024-09-24T19:16:29,0.75,"Rain, Partially cloudy",Partly cloudy throughout the day with early morning rain.,rain,"16080099999,LIMC,D6875,16076099999,LIME,16066099999,06777099999,06771099999,LIML"
milan,2024-09-25,69.6,57.1,63.5,69.6,57.1,63.5,56.3,78.8,0.012,100,8.33,rain,0,0,15,4.7,46.1,1013.1,51.2,6.2,80.2,7,4,,2024-09-25T07:14:22,2024-09-25T19:14:33,0.75,"Rain, Partially cloudy",Partly cloudy throughout the day with rain.,rain,"16080099999,D6875,16076099999,16066099999,06771099999"
milan,2024-09-26,67.7,62.3,64.4,67.7,62.3,64.4,58.8,82.5,0.066,100,45.83,rain,0,0,15,8.9,62,1008.8,77.9,5.8,15.8,1.2,1,,2024-09-26T07:15:37,2024-09-26T19:12:38,0.78,"Rain, Partially cloudy",Partly cloudy throughout the day with rain.,rain,"16080099999,D6875,16076099999,16066099999,06777099999,06771099999"
milan,2024-09-27,78.4,62.2,67.9,78.4,62.2,67.9,61,80.9,0.026,100,8.33,rain,0,0,15,6.7,118.7,1005.2,65.6,4.9,128.3,11,6,,2024-09-27T07:16:51,2024-09-27T19:10:43,0.82,"Rain, Partially cloudy",Partly cloudy throughout the day with rain.,rain,"16080099999,D6875,16076099999,16066099999,06777099999,06771099999"
milan,2024-09-28,76.9,53.7,65.6,76.9,53.7,65.6,48.9,60.8,0,0,0,,0,0,33.3,8.4,341.3,1009.8,40.8,6.2,130.7,11.4,6,,2024-09-28T07:18:06,2024-09-28T19:08:47,0.85,Partially cloudy,Partly cloudy throughout the day.,partly-cloudy-day,"16080099999,LIMC,D6875,16076099999,06770099999,16066099999,06777099999,06771099999,LIML"
milan,2024-09-29,69.7,53.3,63,69.7,53.3,63,49.2,62.2,0,0,0,,0,0,19.7,7.8,87.1,1022.1,39,6.2,126.2,11.1,6,,2024-09-29T07:19:21,2024-09-29T19:06:53,0.89,Partially cloudy,Partly cloudy throughout the day.,partly-cloudy-day,"16080099999,LIMC,D6875,16076099999,06770099999,16066099999,06777099999,06771099999,LIML"
milan,2024-09-30,69.8,59,63.2,69.8,59,63.2,49.8,62.6,0,0,0,,0,0,17.2,7.6,108.8,1020.6,47.3,6.2,127.2,10.9,6,,2024-09-30T07:20:36,2024-09-30T19:04:58,0.92,Partially cloudy,Partly cloudy throughout the day.,partly-cloudy-day,"16080099999,LIMC,D6875,16076099999,06770099999,LIME,16066099999,06777099999,06771099999,LIML"
milan,2024-10-01,66.1,58.7,61.8,66.1,58.7,61.8,54.8,77.9,0,0,0,,0,0,6.9,5.6,90.3,1015.4,60.8,6.2,57.5,5,3,,2024-10-01T07:21:52,2024-10-01T19:03:04,0.95,Partially cloudy,Partly cloudy throughout the day.,partly-cloudy-day,"16080099999,D6875,16076099999,16066099999,06771099999"
milan,2024-10-02,67.9,58.6,62.1,67.9,58.6,62.1,58.6,89.2,0.223,100,33.33,rain,0,0,8.1,5.7,99.4,1006.4,78.3,4.8,71.1,6,4,,2024-10-02T07:23:08,2024-10-02T19:01:10,0,"Rain, Partially cloudy",Partly cloudy throughout the day with rain clearing later.,rain,"16080099999,D6875,16076099999,16066099999,06777099999,06771099999"
milan,2024-10-03,62.4,55.5,58.6,62.4,55.5,58.6,57,94.6,1.182,100,29.17,rain,0,0,23,12.5,131.7,1004.3,88.8,4.7,31.4,2.6,1,,2024-10-03T07:24:24,2024-10-03T18:59:17,0.02,"Rain, Partially cloudy",Partly cloudy throughout the day with rain.,rain,"16080099999,D6875,16076099999,16066099999,06771099999"
milan,2024-10-04,59.2,53.7,56.6,59.2,53.7,56.6,53.8,90.6,0.397,100,12.5,rain,0,0,10.3,6.7,172.7,1007.3,80.1,6.1,70,6.1,3,,2024-10-04T07:25:40,2024-10-04T18:57:24,0.06,"Rain, Partially cloudy",Partly cloudy throughout the day with a chance of rain throughout the day.,rain,"16080099999,D6875,16076099999,16066099999,06771099999"
milan,2024-10-05,66.1,48.5,56.3,66.1,48.5,56.3,50.1,81.5,0,0,0,,0,0,9.2,5.8,160.4,1012.6,44.7,6.2,90.6,7.9,4,,2024-10-05T07:26:56,2024-10-05T18:55:31,0.09,Partially cloudy,Partly cloudy throughout the day.,partly-cloudy-day,"16080099999,D6875,16076099999,16066099999,06771099999"
milan,2024-10-06,64.2,44.9,53.9,64.2,44.9,53.8,49.4,86.3,0,0,0,,0,0,9.2,4.4,298.5,1013,58.9,6.1,69.5,6,3,,2024-10-06T07:28:13,2024-10-06T18:53:39,0.12,Partially cloudy,Partly cloudy throughout the day.,partly-cloudy-day,"16080099999,D6875,16076099999,16066099999,06771099999"
milan,2024-10-07,60.7,49.9,56.7,60.7,49.9,56.7,52.8,87.3,0.044,100,25,rain,0,0,5.8,6.6,38.8,1015.1,85.3,5.2,32.2,2.6,1,,2024-10-07T07:29:30,2024-10-07T18:51:48,0.16,"Rain, Partially cloudy",Partly cloudy throughout the day with late afternoon rain.,rain,"16080099999,D6875,16076099999,16066099999,06771099999"
milan,2024-10-08,60.8,57.1,58.5,60.8,57.1,58.5,57.9,98.1,1.838,100,83.33,rain,0,0,24.2,12.6,124.7,1008.2,91.3,3.5,19.3,1.9,1,,2024-10-08T07:30:47,2024-10-08T18:49:57,0.19,"Rain, Overcast",Cloudy skies throughout the day with a chance of rain throughout the day.,rain,"16080099999,D6875,16076099999,16066099999,06771099999"
milan,2024-10-09,66.2,55.6,60.5,66.2,55.6,60.5,58.5,93.5,0.091,100,25,rain,0,0,23,10.1,92.3,1005.2,90.9,3.9,37,3.2,2,,2024-10-09T07:32:05,2024-10-09T18:48:07,0.23,"Rain, Overcast",Cloudy skies throughout the day with rain.,rain,"16080099999,D6875,16076099999,16066099999,06771099999"
milan,2024-10-10,69.7,57.2,63.2,69.7,57.2,63.2,59.5,88.4,1.639,100,45.83,rain,0,0,23,11.3,79.9,999.5,63,5.7,68.3,6,3,,2024-10-10T07:33:23,2024-10-10T18:46:17,0.25,"Rain, Partially cloudy",Partly cloudy throughout the day with a chance of rain throughout the day.,rain,"16080099999,D6875,16076099999,16066099999,06777099999,06771099999"
milan,2024-10-11,68.1,50.1,58.7,68.1,50.1,58.7,52.9,82.4,0.007,100,4.17,rain,0,0,20.8,4.7,42.1,1010.3,17.1,6.1,99.1,8.5,5,,2024-10-11T07:34:41,2024-10-11T18:44:28,0.29,Rain,Clear conditions throughout the day with morning rain.,rain,"16080099999,D6875,16076099999,16066099999,06777099999,06771099999"
milan,2024-10-12,66,51.9,58.7,66,51.9,58.7,52.6,81.6,0,0,0,,0,0,5.8,5.6,58.9,1017.9,48.7,6.2,88,7.5,4,,2024-10-12T07:35:59,2024-10-12T18:42:40,0.33,Partially cloudy,Partly cloudy throughout the day.,partly-cloudy-day,"16080099999,D6875,16076099999,16066099999,06771099999"
milan,2024-10-13,68,56.9,61.9,68,56.9,61.9,54.9,79.1,0,0,0,,0,0,8.1,4.9,272.2,1017.7,63,6.2,60.1,5.2,2,,2024-10-13T07:37:18,2024-10-13T18:40:52,0.36,Partially cloudy,Partly cloudy throughout the day.,partly-cloudy-day,"16080099999,D6875,16076099999,16066099999,06771099999"
milan,2024-10-14,64.6,49.3,59.6,64.6,47.5,59.5,56.2,88.5,0,0,0,,0,0,9.2,5.6,33.9,1019.9,78.7,5.9,33,2.9,1,,2024-10-14T07:38:37,2024-10-14T18:39:05,0.4,Partially cloudy,Partly cloudy throughout the day.,partly-cloudy-day,"16080099999,LIMC,D6875,16076099999,06770099999,16066099999,06777099999,06771099999"
milan,2024-10-15,68.1,56.8,62.8,68.1,56.8,62.8,58.6,86.7,0.022,100,4.17,rain,0,0,6.9,5.6,79,1020.1,61.2,5.9,42.5,3.7,2,,2024-10-15T07:39:56,2024-10-15T18:37:19,0.43,"Rain, Partially cloudy",Partly cloudy throughout the day with afternoon rain.,rain,"16080099999,D6875,16076099999,16066099999,06771099999"
milan,2024-10-16,62.6,59.1,60.9,62.6,59.1,60.9,58.7,92.5,0.785,100,58.33,rain,0,0,9.2,12.2,92.2,1020.8,85.6,3.8,15.3,1.2,1,,2024-10-16T07:41:16,2024-10-16T18:35:34,0.46,"Rain, Partially cloudy",Partly cloudy throughout the day with rain.,rain,"16080099999,D6875,16076099999,16066099999,06771099999"
milan,2024-10-17,62.6,59.1,61.1,62.6,59.1,61.1,60.2,97.1,0.789,100,70.83,rain,0,0,13.9,16,104.7,1019.7,91.9,4,15,1.2,1,,2024-10-17T07:42:36,2024-10-17T18:33:50,0.5,"Rain, Overcast",Cloudy skies throughout the day with a chance of rain throughout the day.,rain,"16080099999,D6875,16076099999,16066099999,06771099999"
milan,2024-10-18,68,57,62.9,68,57,62.9,60.2,91.4,0.604,100,54.17,rain,0,0,13.9,9.9,97.9,1015.7,74.3,5.4,63.8,5.6,5,,2024-10-18T07:43:56,2024-10-18T18:32:06,0.53,"Rain, Partially cloudy",Partly cloudy throughout the day with a chance of rain throughout the day.,rain,"16080099999,D6875,16076099999,16066099999,06777099999,06771099999"
milan,2024-10-19,62.5,53.5,58.3,62.5,53.5,58.3,56.4,93.6,0.026,100,16.67,rain,0,0,13.9,4.5,339.6,1017.4,67.8,6.2,36.6,3.1,1,,2024-10-19T07:45:17,2024-10-19T18:30:24,0.56,"Rain, Partially cloudy",Partly cloudy throughout the day with rain.,rain,"16080099999,D6875,16076099999,16066099999,06777099999,06771099999"
milan,2024-10-20,69.6,55.6,62.1,69.6,55.6,62.1,58.8,89.7,0.536,100,33.33,rain,0,0,15.9,8.8,4.6,1023.6,68.1,5.9,58.3,5.2,3,,2024-10-20T07:46:38,2024-10-20T18:28:42,0.6,"Rain, Partially cloudy",Partly cloudy throughout the day with a chance of rain throughout the day.,rain,"16080099999,D6875,16076099999,16066099999,06777099999,06771099999"
milan,2024-10-21,71.5,53.9,61.7,71.5,53.9,61.7,57,85.9,0,0,0,,0,0,9.2,5.7,89.9,1028.8,45.8,6.1,90.5,7.9,4,,2024-10-21T07:47:59,2024-10-21T18:27:02,0.63,Partially cloudy,Partly cloudy throughout the day.,partly-cloudy-day,"16080099999,D6875,16076099999,16066099999,06771099999"
milan,2024-10-22,69.9,57.3,62.7,69.9,57.3,62.7,58.9,88.3,0,0,0,,0,0,9.2,4.7,270.8,1028.3,57.2,5.8,78.8,6.8,5,,2024-10-22T07:49:21,2024-10-22T18:25:23,0.66,Partially cloudy,Partly cloudy throughout the day.,partly-cloudy-day,"16080099999,D6875,16076099999,16066099999,06777099999,06771099999"
milan,2024-10-23,64.4,59,61.8,64.4,59,61.8,60.2,94.5,0.223,100,16.67,rain,0,0,10.3,5.6,65,1028.7,60.3,3.8,33.9,3,2,,2024-10-23T07:50:43,2024-10-23T18:23:44,0.7,"Rain, Partially cloudy",Partly cloudy throughout the day with rain.,rain,"16080099999,D6875,16076099999,16066099999,06771099999"
milan,2024-10-24,62.6,59,61,62.6,59,61,58.8,92.6,0.097,100,12.5,rain,0,0,11.4,7.6,128.8,1027.8,85.4,5,33.7,3,2,,2024-10-24T07:52:05,2024-10-24T18:22:07,0.75,"Rain, Partially cloudy",Partly cloudy throughout the day with rain.,rain,"16080099999,D6875,16076099999,16066099999,06771099999"
milan,2024-10-25,60.9,58.8,59.7,60.9,58.8,59.7,57.9,93.8,0.034,100,8.33,rain,0,0,13,6.7,78.6,1024.3,81.9,4.3,26.6,2.2,2,,2024-10-25T07:53:27,2024-10-25T18:20:31,0.76,"Rain, Partially cloudy",Partly cloudy throughout the day with rain.,rain,"16080099999,D6875,16076099999,16066099999,06777099999,06771099999"
milan,2024-10-26,62.6,59,61.4,62.6,59,61.4,60.3,96.1,0.689,100,20.83,rain,0,0,13,10.7,85.3,1021.4,83.4,4.1,16,1.5,1,,2024-10-26T07:54:50,2024-10-26T18:18:56,0.8,"Rain, Partially cloudy",Partly cloudy throughout the day with a chance of rain throughout the day.,rain,"16080099999,LIMC,D6875,16076099999,LIME,16066099999,06777099999,06771099999,LIML"
milan,2024-10-27,66.2,55.6,62,66.2,55.6,62,59.9,93,0.016,100,12.5,rain,0,0,10.3,8.9,92.9,1023.3,65.9,5.3,49.5,4.4,3,,2024-10-27T06:56:13,2024-10-27T17:17:23,0.83,"Rain, Partially cloudy",Partly cloudy throughout the day with a chance of rain throughout the day.,rain,"16080099999,D6875,16076099999,16066099999,06777099999,06771099999"
milan,2024-10-28,69.7,53.8,60.1,69.7,53.8,60.1,57,90.6,0,0,0,,0,0,6.9,3.4,234.8,1025.9,32.4,4.8,83.9,7.1,4,,2024-10-28T06:57:36,2024-10-28T17:15:51,0.86,Partially cloudy,Clearing in the afternoon.,partly-cloudy-day,"16080099999,D6875,16076099999,16066099999,06771099999"
milan,2024-10-29,69.8,50.2,58.5,69.8,50.2,58.5,55.3,90.4,0,0,0,,0,0,6.4,5.6,262.3,1025.5,7.8,3.9,74.5,6.4,4,,2024-10-29T06:58:59,2024-10-29T17:14:20,0.9,Clear,Clear conditions throughout the day.,clear-day,"16080099999,D6875,16076099999,16066099999,06777099999,06771099999"
milan,2024-10-30,69.8,50,57.7,69.8,50,57.7,54.5,90.6,0,0,0,,0,0,6.9,3.5,248.5,1024.9,7.4,4,76.6,6.5,4,,2024-10-30T07:00:23,2024-10-30T17:12:51,0.93,Clear,Clear conditions throughout the day.,clear-day,"16080099999,D6875,16076099999,16066099999,06777099999,06771099999"
milan,2024-10-31,68.2,48.3,56.2,68.2,48.3,56.2,53.1,90.5,0,0,0,,0,0,6.9,3.4,254.2,1025.6,1.7,4.3,77.8,6.7,4,,2024-10-31T07:01:46,2024-10-31T17:11:23,0.96,Clear,Clear conditions throughout the day.,clear-day,"16080099999,D6875,16076099999,16066099999,06771099999"
milan,2024-11-01,69.7,46.6,55.9,69.7,46.6,55.9,51.9,88.3,0,0,0,,0,0,8.1,3.5,270.3,1024.4,7.7,4.3,73.7,6.2,3,,2024-11-01T07:03:10,2024-11-01T17:09:56,0,Clear,Clear conditions throughout the day.,clear-day,"16080099999,D6875,16076099999,16066099999,06777099999,06771099999"
milan,2024-11-02,68,44.9,54.8,68,44.9,54.8,50.9,88.5,0.007,100,4.17,rain,0,0,6.9,4.6,247.7,1022.6,4,5.2,65.5,5.5,3,,2024-11-02T07:04:34,2024-11-02T17:08:31,0.03,Rain,Clear conditions throughout the day with morning rain.,rain,"16080099999,D6875,16076099999,16066099999,06771099999"
milan,2024-11-03,62.6,46.4,53.6,62.6,45.3,53.5,49.2,86.5,0,0,0,,0,0,8.1,6.7,93,1027,1.6,5.5,64.5,5.6,3,,2024-11-03T07:05:58,2024-11-03T17:07:08,0.07,Clear,Clear conditions throughout the day.,clear-day,"16080099999,D6875,16076099999,16066099999,06777099999,06771099999"
milan,2024-11-04,54.2,44.7,49.1,54.2,41.6,48.5,48.7,98.8,0.007,100,4.17,rain,0,0,8.1,5.7,253.9,1026.6,24.9,2.2,33.3,2.9,1,,2024-11-04T07:07:22,2024-11-04T17:05:46,0.1,"Rain, Partially cloudy",Becoming cloudy in the afternoon with afternoon rain.,rain,"16080099999,LIMC,D6875,16076099999,LIME,16066099999,06771099999,LIML"
milan,2024-11-05,55.5,45.9,48.7,55.5,44.7,48.5,47.8,96.9,0.014,100,8.33,rain,0,0,6.9,4.5,245.7,1026.2,27.4,1.3,21.8,2,1,,2024-11-05T07:08:47,2024-11-05T17:04:25,0.14,"Rain, Partially cloudy",Partly cloudy throughout the day with rain.,rain,"16080099999,D6875,16076099999,16066099999,06771099999"
milan,2024-11-06,54.1,42.9,47,54.1,41.8,46.5,46,96.6,0,0,0,,0,0,6.9,4.5,241,1028.6,21.5,1.6,32.2,2.8,1,,2024-11-06T07:10:11,2024-11-06T17:03:07,0.17,Partially cloudy,Partly cloudy throughout the day.,partly-cloudy-day,"16080099999,D6875,16076099999,16066099999,06771099999"
milan,2024-11-07,57.3,42.5,46.5,57.3,42.5,46.5,45,95.1,0.014,100,8.33,rain,0,0,5.8,3.3,241.2,1030.1,18.2,1.8,38.9,3.4,2,,2024-11-07T07:11:35,2024-11-07T17:01:50,0.21,Rain,Clear conditions throughout the day with rain in the morning and afternoon.,rain,"16080099999,D6875,16076099999,16066099999,06771099999"
milan,2024-11-08,52,42.4,46,52,42.4,45.9,45,96.4,0.007,100,4.17,rain,0,0,6.9,3.3,221.5,1028.6,26.1,1.5,30,2.7,2,,2024-11-08T07:13:00,2024-11-08T17:00:35,0.24,"Rain, Partially cloudy",Partly cloudy throughout the day with morning rain.,rain,"16080099999,D6875,16076099999,16066099999,06777099999,06771099999,LIML"
milan,2024-11-09,54,42.8,47.4,54,42.8,47,46.3,96.2,0,0,0,,0,0,6.9,5.8,224.9,1026.9,0,2.1,38.5,3.3,2,,2024-11-09T07:14:24,2024-11-09T16:59:22,0.25,Clear,Clear conditions throughout the day.,clear-day,"16080099999,D6875,16076099999,16066099999,06771099999"
milan,2024-11-10,56,39.2,44.7,56,39.2,44.5,43,94.2,0.007,100,4.17,rain,0,0,8.2,3.5,226.8,1023,10.8,2.3,51,4.4,3,,2024-11-10T07:15:48,2024-11-10T16:58:10,0.31,Rain,Clear conditions throughout the day with morning rain.,rain,"16080099999,D6875,16076099999,16066099999,06777099999,06771099999"
milan,2024-11-11,55.7,35.8,44.3,55.7,35.8,44.1,39.6,85.4,0.007,100,4.17,rain,0,0,10.3,6.8,131,1023.8,20.1,4.4,43.6,3.8,2,,2024-11-11T07:17:12,2024-11-11T16:57:01,0.35,"Rain, Partially cloudy",Partly cloudy throughout the day with morning rain.,rain,"16080099999,D6875,16076099999,16066099999,06771099999"
milan,2024-11-12,55.4,41,47.3,55.4,41,46.7,37.9,71.3,0,0,0,,0,0,8.1,6.6,65,1023.4,42.1,6.2,48.9,4.3,2,,2024-11-12T07:18:35,2024-11-12T16:55:53,0.38,Partially cloudy,Becoming cloudy in the afternoon.,partly-cloudy-day,"16080099999,D6875,16076099999,06770099999,16066099999,06771099999,LIML"
milan,2024-11-13,55.4,33.8,44.4,55.4,33.8,44.2,38.1,80.9,0,0,0,,0,0,10.7,5.8,196.3,1023.5,44.6,5.7,61,5.2,3,,2024-11-13T07:19:59,2024-11-13T16:54:47,0.42,Partially cloudy,Partly cloudy throughout the day.,partly-cloudy-day,"16080099999,D6875,16076099999,06770099999,16066099999,LIML"
milan,2024-11-14,53.6,39.1,45.5,53.6,36.9,44.5,38.4,77.4,0.074,100,4.17,rain,0,0,13.6,6.8,72.1,1022.7,12.7,6.1,58,5,3,,2024-11-14T07:21:22,2024-11-14T16:53:44,0.45,Rain,Clear conditions throughout the day with afternoon rain.,rain,"16080099999,D6875,16076099999,16066099999,LIML"
milan,2024-11-15,53.6,33.8,41.3,53.6,30.9,41.1,37.6,88.2,0,0,0,,0,0,8.5,3.4,112.9,1023.5,0,4.5,54,4.8,3,,2024-11-15T07:22:45,2024-11-15T16:52:42,0.5,Clear,Clear conditions throughout the day.,clear-day,"16080099999,D6875,16076099999,16066099999,LIML"
milan,2024-11-16,42.9,33.7,38.6,41,30.8,36.9,38.5,99.4,0.007,100,4.17,rain,0,0,11.2,5.8,262.1,1022.9,73.2,0.9,20.2,1.8,1,,2024-11-16T07:24:07,2024-11-16T16:51:43,0.52,"Rain, Partially cloudy",Partly cloudy throughout the day with afternoon rain.,rain,"16080099999,LIMC,D6875,16076099999,06770099999,16066099999,LIML"
milan,2024-11-17,50.1,37.2,43,50.1,34.7,42.4,40.6,91.8,0,0,0,,0,0,8.3,5.8,261.7,1015,65.5,2.3,37.1,3.2,2,,2024-11-17T07:25:30,2024-11-17T16:50:45,0.55,Partially cloudy,Partly cloudy throughout the day.,partly-cloudy-day,"16080099999,LIMC,D6875,16076099999,06770099999,LIME,16066099999,LIML"
milan,2024-11-18,49.6,37.3,44.9,49.6,37.3,44.7,43.4,94.9,0,0,0,,0,0,7.4,3.4,45,1012.7,81.6,1.4,26.4,2.2,1,,2024-11-18T07:26:51,2024-11-18T16:49:50,0.58,Partially cloudy,Partly cloudy throughout the day.,partly-cloudy-day,"LIMC,D6875,LIME,LIML"
milan,2024-11-19,48.1,38.9,43.9,48.1,38.9,43.7,42.8,95.7,0,0,0,,0,0,7.2,4.5,262.4,1009.8,83.6,1.7,14.4,1.2,1,,2024-11-19T07:28:12,2024-11-19T16:48:57,0.62,Partially cloudy,Partly cloudy throughout the day.,partly-cloudy-day,"LIMC,D6875,LIME,LIML"
milan,2024-11-20,58.8,42.4,48.6,58.8,39.5,47.1,31.4,63.5,0.044,100,29.17,rain,0,0,35.5,22.8,330.3,999.3,44.3,3.7,42.2,3.6,2,,2024-11-20T07:29:33,2024-11-20T16:48:06,0.65,"Rain, Partially cloudy",Partly cloudy throughout the day with rain clearing later.,rain,"LIMC,D6875,LIME,LIML"
milan,2024-11-21,46.4,30.2,39.2,46.2,27.5,36.5,24.6,58.6,0.152,100,33.33,"rain,snow",0.2,0,25.3,11.2,354,1003.1,44.1,6.1,32.7,2.9,3,,2024-11-21T07:30:52,2024-11-21T16:47:18,0.68,"Snow, Rain, Partially cloudy",Partly cloudy throughout the day with rain or snow.,snow,"LIMC,16080099999,D6875,16076099999,LIME,16066099999,LIML"
milan,2024-11-22,51.7,35.5,41.4,51.7,28.5,36.8,22.8,56.1,0.084,100,4.17,rain,0,0,35.8,22.9,314.2,1003.7,29.6,6.2,54.5,4.8,3,,2024-11-22T07:32:11,2024-11-22T16:46:32,0.71,"Rain, Partially cloudy",Partly cloudy throughout the day with early morning rain.,rain,"16080099999,D6875,16076099999,16066099999,LIML"
milan,2024-11-23,53.3,30.2,40.7,53.3,24.8,38.5,24,54.2,0,0,0,,0,0,13.6,8,279.7,1026.1,37.3,6.2,52.2,4.5,3,,2024-11-23T07:33:30,2024-11-23T16:45:48,0.75,Partially cloudy,Becoming cloudy in the afternoon.,partly-cloudy-day,"16080099999,D6875,16076099999,16066099999,LIML,06771099999"
milan,2024-11-24,48.3,40.7,43.8,45.9,38.1,41.9,32.8,66,0,0,0,,0,0,9.9,7.8,258,1032.5,89.9,6.2,28.3,2.6,2,,2024-11-24T07:34:47,2024-11-24T16:45:06,0.78,Partially cloudy,Partly cloudy throughout the day.,partly-cloudy-day,"16080099999,D6875,16076099999,16066099999,06777099999,06771099999"
milan,2024-11-25,46.6,42.7,44.3,45.7,39.2,42.3,38.4,79.9,0,0,0,,0,0,5.8,6.5,254.5,1027.9,88.4,5.9,13,1,1,,2024-11-25T07:36:04,2024-11-25T16:44:27,0.81,Partially cloudy,Partly cloudy throughout the day.,partly-cloudy-day,"16080099999,D6875,16076099999,16066099999,06771099999"
milan,2024-11-26,46.6,42.9,45.1,46.6,42.9,44.8,44.1,96.3,0.227,100,29.17,rain,0,0,4.7,3.4,218.6,1022.8,90.6,2.8,13.1,1.2,1,,2024-11-26T07:37:19,2024-11-26T16:43:51,0.84,"Rain, Overcast",Cloudy skies throughout the day with a chance of rain throughout the day.,rain,"16080099999,LIMC,D6875,16076099999,LIME,16066099999,06771099999,LIML"
milan,2024-11-27,53.7,46.3,48.9,53.7,44.3,48.4,47,93.3,0,0,0,,0,0,4.7,5.6,244.6,1023.8,63,3.5,24.9,2.2,2,,2024-11-27T07:38:34,2024-11-27T16:43:17,0.88,Partially cloudy,Partly cloudy throughout the day.,partly-cloudy-day,"16080099999,D6875,16076099999,16066099999,06777099999,06771099999"
milan,2024-11-28,52.2,44.7,48.4,52.2,42.3,47.8,46.2,92.3,0,0,0,,0,0,9.2,5.7,251.9,1022.3,65.4,4.1,22.9,2.1,1,,2024-11-28T07:39:47,2024-11-28T16:42:45,0.91,Partially cloudy,Partly cloudy throughout the day.,partly-cloudy-day,"16080099999,D6875,16076099999,16066099999,06777099999,06771099999"
milan,2024-11-29,51.8,39.4,46,51.8,39.4,45.7,44.6,95.1,0,0,0,,0,0,8.1,4.6,49.9,1025.5,52.1,2.8,21.7,1.7,1,,2024-11-29T07:41:00,2024-11-29T16:42:16,0.94,Partially cloudy,Partly cloudy throughout the day.,partly-cloudy-day,"16080099999,D6875,16076099999,16066099999,06771099999,LIML"
milan,2024-11-30,45.3,37.3,40.6,44,34.8,39.7,40,97.9,0.007,100,4.17,rain,0,0,8.1,4.6,265.6,1029.6,55.5,0.9,25.7,2.1,1,,2024-11-30T07:42:11,2024-11-30T16:41:50,0.97,"Rain, Partially cloudy",Partly cloudy throughout the day with early morning rain.,rain,"16080099999,LIMC,D6875,16076099999,LIME,16066099999,06777099999,06771099999,LIML"
milan,2024-12-01,44.8,32.1,38.2,42.4,30.7,36.3,37.6,97.9,0,0,0,,0,0,13,5.7,255.4,1026.7,67.7,1.8,31.3,2.7,2,,2024-12-01T07:43:21,2024-12-01T16:41:26,0,Partially cloudy,Partly cloudy throughout the day.,partly-cloudy-day,"LIMC,16080099999,D6875,16076099999,LIME,16066099999,LIML,06771099999"
milan,2024-12-02,50.3,29,38,50.3,25.3,37.7,35.1,90.4,0.007,100,4.17,rain,0,0,9.9,3.4,236.7,1021.1,42.7,3.7,50,4.3,2,,2024-12-02T07:44:29,2024-12-02T16:41:05,0.04,"Rain, Partially cloudy",Partly cloudy throughout the day with afternoon rain.,rain,"16080099999,D6875,16076099999,06770099999,16066099999,06777099999,06771099999,LIML"
milan,2024-12-03,50.1,35.6,42.2,50.1,33.6,41.3,37.6,84.9,0,0,0,,0,0,8.1,5.6,69.7,1016.4,24.4,5.5,44.8,3.9,2,,2024-12-03T07:45:36,2024-12-03T16:40:46,0.08,Partially cloudy,Partly cloudy throughout the day.,partly-cloudy-day,"16080099999,LIMC,D6875,16076099999,LIME,16066099999,06771099999,LIML"
milan,2024-12-04,53.6,32.5,41.3,53.6,32.5,41.2,36,83.5,0.007,100,4.17,rain,0,0,8.1,4.7,253.1,1019.9,27.8,5.7,45.8,4,2,,2024-12-04T07:46:42,2024-12-04T16:40:30,0.11,"Rain, Partially cloudy",Partly cloudy throughout the day with afternoon rain.,rain,"16080099999,LIMC,D6875,16076099999,LIME,16066099999,LIML,06771099999"
milan,2024-12-05,48.2,30.2,38.2,47.3,30.2,37.8,33.7,85.1,0,0,0,,0,0,11.4,4.7,41.6,1024.2,32.3,6.1,44.3,3.8,2,,2024-12-05T07:47:46,2024-12-05T16:40:17,0.15,Partially cloudy,Becoming cloudy in the afternoon.,partly-cloudy-day,"16080099999,D6875,16076099999,06770099999,16066099999,06771099999,LIML"
milan,2024-12-06,46.7,33.7,38.2,42.3,31,35.9,34.8,87.6,0.007,100,4.17,rain,0,0,24.2,10.8,263,1016.8,20,4.9,27.2,2.4,2,,2024-12-06T07:48:48,2024-12-06T16:40:06,0.18,Rain,Partly cloudy throughout the day with afternoon rain.,rain,"16080099999,D6875,16076099999,16066099999,06771099999"
milan,2024-12-07,39.4,28.7,35.3,39.4,28.7,34,34,94.9,0.074,100,8.33,rain,0,0,19.7,7.5,17.8,1012,37.1,1.8,17,1.3,1,,2024-12-07T07:49:49,2024-12-07T16:39:58,0.22,"Rain, Partially cloudy",Becoming cloudy in the afternoon with late afternoon rain.,rain,"16080099999,D6875,16076099999,16066099999,06777099999,06771099999"
milan,2024-12-08,41.1,38.9,39.8,41,34.3,37.4,38.3,94.6,0.451,100,12.5,rain,0,0,20.8,6.6,273.5,1001.3,90.2,2.5,11.8,1.1,1,,2024-12-08T07:50:48,2024-12-08T16:39:53,0.25,"Rain, Overcast",Cloudy skies throughout the day with a chance of rain throughout the day.,rain,"16080099999,D6875,16076099999,16066099999,06771099999"
milan,2024-12-09,48.1,39.4,42.9,47.1,38,41.7,39.5,88.1,0.014,100,4.17,rain,0,0,8.1,6.7,321.5,1009.5,49.1,5.3,27.1,2.4,1,,2024-12-09T07:51:45,2024-12-09T16:39:50,0.29,"Rain, Partially cloudy",Partly cloudy throughout the day with early morning rain.,rain,"16080099999,D6875,16076099999,16066099999,06771099999"
milan,2024-12-10,48,39.2,43.8,47,38.9,42.9,40.8,89.5,0.008,100,4.17,rain,0,0,8.1,5.8,307.3,1018.1,66.4,5.6,23.5,2,1,,2024-12-10T07:52:40,2024-12-10T16:39:50,0.33,"Rain, Partially cloudy",Partly cloudy throughout the day with afternoon rain.,rain,"16080099999,D6875,16076099999,16066099999,06771099999"
milan,2024-12-11,51.7,35.4,42.1,51.7,33,41.4,37.6,85.8,0.007,100,4.17,rain,0,0,4.7,5.6,274.3,1023.2,21.1,5.8,42.8,3.8,2,,2024-12-11T07:53:34,2024-12-11T16:39:53,0.36,"Rain, Partially cloudy",Clearing in the afternoon with morning rain.,rain,"16080099999,D6875,16076099999,16066099999,06771099999"
milan,2024-12-12,44.8,31.9,36.9,43.6,28.7,35.7,35.5,94.9,0,0,0,,0,0,4.7,5.6,314.4,1028,27.2,3.3,20.6,1.7,1,,2024-12-12T07:54:25,2024-12-12T16:39:58,0.4,Partially cloudy,Clearing in the afternoon.,partly-cloudy-day,"16080099999,D6875,16076099999,16066099999,06771099999"
milan,2024-12-13,42.8,35.1,38.2,41.2,31.3,36.4,37.2,96.2,0.007,100,4.17,"rain,snow",0,0,6.4,5.6,241.8,1029.5,52.4,1.8,16.6,1.4,1,,2024-12-13T07:55:14,2024-12-13T16:40:07,0.43,"Snow, Rain, Partially cloudy",Partly cloudy throughout the day with morning rain or snow.,rain,"16080099999,D6875,16076099999,16066099999,06777099999,06771099999"
milan,2024-12-14,46.3,37.1,40.3,44.1,32,37.5,38.1,92.1,0.037,100,4.17,rain,0,0,8.1,6.6,243.7,1022.3,72.7,2.4,34.3,3,2,,2024-12-14T07:56:02,2024-12-14T16:40:17,0.47,"Rain, Partially cloudy",Partly cloudy throughout the day with early morning rain.,rain,"16080099999,D6875,16076099999,16066099999,06771099999"
milan,2024-12-15,36.7,32.3,34.6,34.9,29.2,31.8,33.7,96.3,0,0,0,,0,0,26.4,6.4,247.3,1025.2,18.2,0.8,22.4,1.9,1,,2024-12-15T07:56:47,2024-12-15T16:40:31,0.5,Clear,Clear conditions throughout the day.,fog,"16080099999,D6875,16076099999,16066099999,06771099999"
milan,2024-12-16,53.7,32.2,39.2,53.7,28.9,38.7,34.8,86.1,0.007,100,4.17,"rain,snow",0,0,12.4,4.6,281.6,1033.3,5,4.4,42.8,3.6,2,,2024-12-16T07:57:30,2024-12-16T16:40:47,0.53,"Snow, Rain",Clear conditions throughout the day with morning rain or snow.,rain,"16080099999,D6875,16076099999,16066099999,06777099999,06771099999"
milan,2024-12-17,55.4,32.1,40.7,55.4,32.1,39.8,37.2,88.4,0.007,100,4.17,rain,0,0,5.8,6.5,338.7,1030.5,22.7,3.6,40.8,3.6,2,,2024-12-17T07:58:10,2024-12-17T16:41:06,0.57,"Rain, Partially cloudy",Becoming cloudy in the afternoon with afternoon rain.,rain,"16080099999,D6875,16076099999,16066099999,06771099999"
milan,2024-12-18,50.1,37.4,41.3,50.1,33.9,40.2,39.6,94.2,0,0,0,,0,0,10.1,4.6,159.4,1027,50.5,3.1,33.1,2.8,1,,2024-12-18T07:58:49,2024-12-18T16:41:27,0.6,Partially cloudy,Partly cloudy throughout the day.,partly-cloudy-day,"16080099999,LIMC,16064099999,D6875,16076099999,LIME,16066099999,06777099999,06771099999,LIML"
milan,2024-12-19,42.9,39.1,41.7,42.8,35.8,39.8,41.6,99.6,0.268,100,33.33,rain,0,0,8.1,5.6,83.3,1014.7,93.1,1.3,7.2,0.6,1,,2024-12-19T07:59:25,2024-12-19T16:41:51,0.63,"Rain, Overcast",Cloudy skies throughout the day with rain.,rain,"16080099999,D6875,16076099999,16066099999,06777099999,06771099999"
milan,2024-12-20,55.3,38.1,48.6,55.3,38.1,45.9,22,39.9,0.231,100,4.17,rain,0,0,45,19.4,343,1009.6,30.6,6.2,43,3.7,2,,2024-12-20T07:59:58,2024-12-20T16:42:18,0.66,"Rain, Partially cloudy",Clearing in the afternoon with early morning rain.,rain,"16080099999,D6875,16076099999,16066099999,06771099999"
milan,2024-12-21,49.9,31.9,38.2,49.9,29,37.8,25.5,62.4,0,0,0,,0,0,35.8,3.5,284.8,1021.8,17,6.2,41,3.7,2,,2024-12-21T08:00:29,2024-12-21T16:42:47,0.7,Clear,Clear conditions throughout the day.,clear-day,"16080099999,D6875,16076099999,16066099999,06771099999"
milan,2024-12-22,39.4,31.8,35.7,39.3,27.6,33.9,31.5,84.7,0.009,100,8.33,rain,0,0,8.1,7.6,34.9,1010.5,71.2,5.8,9.6,0.9,1,,2024-12-22T08:00:58,2024-12-22T16:43:19,0.75,"Rain, Partially cloudy",Partly cloudy throughout the day with rain.,rain,"16080099999,D6875,16076099999,16066099999,06771099999"
milan,2024-12-23,51.8,33.7,46.2,51.8,28.4,42.2,21.5,39.4,0.007,100,4.17,rain,0,0,38,14.4,315.9,1005.2,10.1,6.2,41.1,3.6,2,,2024-12-23T08:01:24,2024-12-23T16:43:53,0.76,Rain,Clear conditions throughout the day with morning rain.,rain,"16080099999,D6875,16076099999,16066099999,06777099999,06771099999"
milan,2024-12-24,55.3,35.5,48,55.3,33,45.4,14.7,27.6,0,0,0,,0,0,44.4,20.2,341,1016.4,10.5,6.2,43.7,3.7,2,,2024-12-24T08:01:48,2024-12-24T16:44:30,0.79,Clear,Clear conditions throughout the day.,clear-day,"16080099999,D6875,16076099999,16066099999,06777099999,06771099999"
milan,2024-12-25,50.2,26.7,35.7,50.2,22.9,35.1,24.7,66.8,0,0,0,,0,0,8.1,3.6,343.6,1028.5,1.8,6.2,43,3.6,2,,2024-12-25T08:02:09,2024-12-25T16:45:09,0.82,Clear,Clear conditions throughout the day.,clear-day,"16080099999,D6875,16076099999,16066099999,06771099999"
milan,2024-12-26,50.2,26.7,34.1,50.2,22.3,33.1,25.7,73.9,0,0,0,,0,0,7.8,5.7,293.8,1032.5,1,6.2,38.2,3.3,2,,2024-12-26T08:02:28,2024-12-26T16:45:50,0.86,Clear,Clear conditions throughout the day.,clear-day,"16080099999,D6875,16076099999,16066099999,06777099999,06771099999"
milan,2024-12-27,48.6,25,34.4,47.8,22.7,33,26.9,76.4,0,0,0,,0,0,10.6,4.7,263.8,1033.1,0,6.2,40.5,3.5,2,,2024-12-27T08:02:44,2024-12-27T16:46:34,0.89,Clear,Clear conditions throughout the day.,clear-day,"16080099999,D6875,16076099999,16066099999,06777099999,06771099999"
milan,2024-12-28,52.1,28.8,37.8,52.1,26.9,37.1,28.5,70.8,0,0,0,,0,0,8.4,5.7,268.1,1028.3,12.7,6.2,40.8,3.5,2,,2024-12-28T08:02:58,2024-12-28T16:47:20,0.92,Clear,Clear conditions throughout the day.,clear-day,"16080099999,D6875,16076099999,16066099999,06777099999,06771099999"
milan,2024-12-29,53.4,28.9,37,53.4,28.9,36.8,30.7,80.3,0.007,100,4.17,rain,0,0,5.7,3.3,278,1027.2,0,6.1,38,3.3,2,,2024-12-29T08:03:08,2024-12-29T16:48:08,0.95,Rain,Clear conditions throughout the day with afternoon rain.,rain,"16080099999,D6875,16076099999,16066099999,06777099999,06771099999"
milan,2024-12-30,53.6,28.9,37.6,53.6,28.9,37.3,30.9,79.3,0,0,0,,0,0,7.4,3.4,14,1028.9,1,5.9,41.9,3.5,2,,2024-12-30T08:03:17,2024-12-30T16:48:58,0,Clear,Clear conditions throughout the day.,clear-day,"16080099999,D6875,16076099999,16066099999,06777099999,06771099999,LIML"
milan,2024-12-31,51.6,26.9,36.8,51.6,26.9,36.7,31.3,82.5,0,0,0,,0,0,6.2,3.4,338.6,1031,4.2,6,37.8,3.3,2,,2024-12-31T08:03:22,2024-12-31T16:49:51,0.02,Clear,Clear conditions throughout the day.,clear-day,"16080099999,D6875,16076099999,16066099999,06777099999,06771099999,LIML"
milan,2025-01-01,46.6,32,38.8,46.5,30.7,38.2,34.3,84.4,0,0,0,,0,0,3.4,3.4,270.6,1030.2,60.9,3.4,33.8,2.9,2,,2025-01-01T08:03:25,2025-01-01T16:50:45,0.05,Partially cloudy,Partly cloudy throughout the day.,partly-cloudy-day,"16080099999,D6875,16076099999,16066099999,06777099999,06771099999,LIML"
milan,2025-01-02,44.6,39.1,41.4,44.6,36.2,40.8,38.1,88,0.001,100,4.17,rain,0,0,4.7,4.6,346.6,1021.5,92,2.1,19,1.6,1,,2025-01-02T08:03:25,2025-01-02T16:51:42,0.09,"Rain, Overcast",Cloudy skies throughout the day with afternoon rain.,rain,"16080099999,D6875,16076099999,16066099999,06777099999,06771099999"
milan,2025-01-03,51.9,34.3,42.3,51.9,30.1,40,35.4,78.6,0,0,0,,0,0,25.3,6.9,244.5,1014.3,29.2,5,42.3,3.7,2,,2025-01-03T08:03:23,2025-01-03T16:52:40,0.13,Partially cloudy,Partly cloudy throughout the day.,partly-cloudy-day,"16080099999,D6875,16076099999,16066099999,06771099999"
milan,2025-01-04,42.7,35.7,39.5,41.1,35.4,37.9,36.7,90,0,0,0,,0,0,9.6,5.5,73.8,1020.9,85.9,3.2,21.6,1.9,1,,2025-01-04T08:03:18,2025-01-04T16:53:41,0.16,Partially cloudy,Partly cloudy throughout the day.,partly-cloudy-day,"16080099999,D6875,16076099999,16066099999,06777099999,06771099999"
milan,2025-01-05,41.1,38.9,39.5,39.2,35.6,37.5,36.9,90.3,0.014,100,4.17,rain,0,0,4.7,5.6,236.7,1017.8,88.6,2.5,14.2,1.3,1,,2025-01-05T08:03:10,2025-01-05T16:54:43,0.2,"Rain, Partially cloudy",Partly cloudy throughout the day with late afternoon rain.,rain,"16080099999,D6875,16076099999,16066099999,06771099999"
milan,2025-01-06,40.9,39.1,39.5,39.2,35.9,38.3,38.9,97.7,0.172,100,75,rain,0,0,10.3,4.4,91.2,1012.8,91.4,1.6,7.3,0.7,0,,2025-01-06T08:03:00,2025-01-06T16:55:47,0.23,"Rain, Overcast",Cloudy skies throughout the day with a chance of rain throughout the day.,rain,"16080099999,D6875,16076099999,16066099999,06771099999"
milan,2025-01-07,44.6,39,41.1,43.1,34.4,38.8,39.3,93.6,0.485,100,33.33,rain,0,0,13.4,7.8,258,1008.8,91.7,3.6,32.3,2.8,2,,2025-01-07T08:02:46,2025-01-07T16:56:52,0.25,"Rain, Overcast",Cloudy skies throughout the day with a chance of rain throughout the day.,rain,"16080099999,LIMC,D6875,16076099999,06770099999,LIME,16066099999,06777099999,06771099999,LIML"
milan,2025-01-08,42.9,40.3,41.4,41.3,37.8,40,40,94.7,0,0,0,,0,0,6.9,4.9,230.8,1013.5,80.5,2.9,11.5,0.9,1,,2025-01-08T08:02:31,2025-01-08T16:57:59,0.3,Partially cloudy,Partly cloudy throughout the day.,partly-cloudy-day,"16080099999,D6875,16076099999,16066099999,06777099999,06771099999"
milan,2025-01-09,46.4,41.1,43.6,46.4,39.3,42.5,42.7,96.7,0.282,100,29.17,rain,0,0,8.9,5.6,261.2,1010.3,92.3,4.1,17.7,1.4,1,,2025-01-09T08:02:13,2025-01-09T16:59:08,0.34,"Rain, Overcast",Cloudy skies throughout the day with a chance of rain throughout the day.,rain,"16080099999,LIMC,D6875,16076099999,06770099999,LIME,16066099999,06777099999,06771099999,LIML"
milan,2025-01-10,50.1,37.6,43.4,50.1,33.3,39.9,37.8,81.4,0.007,100,4.17,rain,0,0,23,13.4,244.8,1012.7,56.8,5.5,43.5,3.8,3,,2025-01-10T08:01:52,2025-01-10T17:00:19,0.38,"Rain, Partially cloudy",Partly cloudy throughout the day with morning rain.,rain,"16080099999,D6875,16076099999,16066099999,06771099999"
milan,2025-01-11,46.3,30.3,37.1,45.2,28.7,36.1,30.8,79.2,0,0,0,,0,0,7.4,6.6,26.2,1017.5,31.9,6.2,33.2,2.8,2,,2025-01-11T08:01:28,2025-01-11T17:01:30,0.41,Partially cloudy,Partly cloudy throughout the day.,partly-cloudy-day,"16080099999,D6875,16076099999,16066099999,06777099999,06771099999"
milan,2025-01-12,44.8,26.5,34,44.7,23.2,33.1,25.9,75.1,0.007,100,4.17,rain,0,0,9.9,4.7,315.5,1024.5,11.3,6.2,45.5,3.9,3,,2025-01-12T08:01:02,2025-01-12T17:02:43,0.45,Rain,Clear conditions throughout the day with afternoon rain.,rain,"16080099999,D6875,16076099999,16066099999,06777099999,06771099999"
milan,2025-01-13,42.9,24.8,33.8,39.4,24.8,31.6,25.4,72.6,0,0,0,,0,0,15,8.8,59.1,1031.2,4.9,6.2,44.9,3.9,3,,2025-01-13T08:00:34,2025-01-13T17:03:58,0.5,Clear,Clear conditions throughout the day.,clear-day,"16080099999,D6875,16076099999,16066099999,06771099999"
milan,2025-01-14,42.7,26.4,33.4,42.7,22,31.4,24.1,69.7,0,0,0,,0,0,5.8,6.6,337.7,1033.5,4.5,6.2,51.9,4.5,3,,2025-01-14T08:00:03,2025-01-14T17:05:13,0.52,Clear,Clear conditions throughout the day.,clear-day,"16080099999,D6875,16076099999,16066099999,06771099999"
milan,2025-01-15,43,26.4,31.7,41.3,21.1,29.8,26.5,82.1,0.144,100,4.17,rain,0,0,11.4,5.7,275,1025.7,5.5,6.2,43.6,3.8,3,,2025-01-15T07:59:29,2025-01-15T17:06:30,0.55,Rain,Clear conditions throughout the day with afternoon rain.,rain,"16080099999,D6875,16076099999,16066099999,06771099999"
milan,2025-01-16,48.2,26.7,36.1,46.4,26.4,34.5,29,77.5,0,0,0,,0,0,10.3,7.8,40.2,1032.5,38.5,6.2,39.8,3.4,2,,2025-01-16T07:58:53,2025-01-16T17:07:48,0.58,Partially cloudy,Partly cloudy throughout the day.,partly-cloudy-day,"16080099999,D6875,16076099999,16066099999,06771099999"
milan,2025-01-17,46.2,28.3,35.2,46.2,23.2,34.2,29.3,80.4,0,0,0,,0,0,11.4,4.6,353.1,1036.1,13.8,6.2,52.3,4.6,3,,2025-01-17T07:58:15,2025-01-17T17:09:07,0.61,Clear,Clear conditions throughout the day.,clear-day,"16080099999,D6875,16076099999,16066099999,06771099999"
milan,2025-01-18,46.7,26.7,36.8,46.7,25.1,35.8,31.5,82,0.007,100,4.17,rain,0,0,10.1,5.5,288,1029.6,35.8,6.1,30.9,2.6,2,,2025-01-18T07:57:34,2025-01-18T17:10:27,0.65,"Rain, Partially cloudy",Partly cloudy throughout the day with afternoon rain.,rain,"16080099999,D6875,16076099999,16066099999,06777099999,06771099999,LIML"
milan,2025-01-19,48,39.2,43.2,47.9,35.9,40.8,36.5,77.3,0.032,100,16.67,rain,0,0,6.9,10.7,3.3,1024.9,82.4,6.2,21.5,1.8,2,,2025-01-19T07:56:51,2025-01-19T17:11:47,0.68,"Rain, Partially cloudy",Partly cloudy throughout the day with rain.,rain,"16080099999,D6875,16076099999,16066099999,06771099999"
milan,2025-01-20,46.3,41,43.8,45.2,37.2,42.7,41.5,91.5,0.135,100,37.5,rain,0,0,4.7,5.7,11.3,1022.4,86.7,5.5,15.5,1.2,1,,2025-01-20T07:56:06,2025-01-20T17:13:09,0.71,"Rain, Partially cloudy",Partly cloudy throughout the day with a chance of rain throughout the day.,rain,"16080099999,D6875,16076099999,16066099999,06771099999"
milan,2025-01-21,46.8,39.5,44,44.6,38.1,42,42.6,95.2,0.025,100,8.33,rain,0,0,9.2,6.9,250.9,1018.5,80.9,4.1,30.2,2.7,1,,2025-01-21T07:55:18,2025-01-21T17:14:32,0.75,"Rain, Partially cloudy",Partly cloudy throughout the day with rain clearing later.,rain,"16080099999,D6875,16076099999,16066099999,06777099999,06771099999"
milan,2025-01-22,44.7,42.5,43.6,44.7,42.5,43.4,42.7,96.6,0.077,100,16.67,rain,0,0,8.2,3.3,76.4,1017,89.4,2,14.9,1.3,1,,2025-01-22T07:54:28,2025-01-22T17:15:55,0.77,"Rain, Partially cloudy",Partly cloudy throughout the day with rain.,rain,"16080099999,LIMC,16064099999,D6875,16076099999,06770099999,LIME,16066099999,06777099999,06771099999,LIML"
milan,2025-01-23,48.3,42.2,44.5,47.1,38.7,43.5,43.3,96,0.113,100,20.83,rain,0,0,10.3,5.6,263,1013.2,77.2,3.2,27.7,2.4,1,,2025-01-23T07:53:36,2025-01-23T17:17:18,0.81,"Rain, Partially cloudy",Partly cloudy throughout the day with rain.,rain,"16080099999,LIMC,16064099999,D6875,16076099999,16084099999,06770099999,LIME,16066099999,06777099999,06771099999,LIML"
milan,2025-01-24,46.9,38.6,40.9,45.9,35.3,39.6,40.5,98.5,0.007,100,4.17,rain,0,0,8.1,6.6,221.5,1018,56.9,1.2,39.6,3.3,2,,2025-01-24T07:52:41,2025-01-24T17:18:43,0.84,"Rain, Partially cloudy",Partly cloudy throughout the day with late afternoon rain.,rain,"16080099999,D6875,16076099999,16066099999,06771099999"
milan,2025-01-25,44.8,39.4,42.9,44.8,36.2,42.2,42.7,99.3,0.02,100,20.83,rain,0,0,12,7.6,104.7,1020.4,92.5,1.2,13.2,1.3,1,,2025-01-25T07:51:45,2025-01-25T17:20:08,0.87,"Rain, Overcast",Cloudy skies throughout the day with rain.,rain,"16080099999,D6875,16076099999,16066099999,06777099999,06771099999"
milan,2025-01-26,46.6,41.2,44,46.6,36.4,41.4,43.3,97.5,0.61,100,45.83,rain,0,0,12.8,12.2,126.4,1014.5,83.1,3.8,23.8,2.1,1,,2025-01-26T07:50:46,2025-01-26T17:21:33,0.9,"Rain, Partially cloudy",Partly cloudy throughout the day with a chance of rain throughout the day.,rain,"16080099999,D6875,16076099999,16066099999,06771099999"
milan,2025-01-27,46.4,41.3,45,46.4,38.5,44.2,44.8,99.2,0.595,100,79.17,rain,0,0,8.4,4.8,42.2,1011.9,93.4,2,6.1,0.6,0,,2025-01-27T07:49:45,2025-01-27T17:22:59,0.93,"Rain, Overcast",Cloudy skies throughout the day with a chance of rain throughout the day.,rain,"16080099999,D6875,16076099999,06770099999,16066099999,06777099999,06771099999"
milan,2025-01-28,50.1,40.9,45.7,50.1,37.8,44.2,44.6,96.3,0.751,100,54.17,rain,0,0,41.4,7.8,279.3,1000.9,66.9,4.3,33.9,2.8,3,,2025-01-28T07:48:42,2025-01-28T17:24:25,0.97,"Rain, Partially cloudy",Partly cloudy throughout the day with a chance of rain throughout the day.,rain,"16080099999,D6875,16076099999,16066099999,06777099999,06771099999"
milan,2025-01-29,51.8,33.8,42.9,51.8,33.8,42.6,39.3,87.8,0.007,100,4.17,rain,0,0,11.4,7.8,56.7,1012.4,28.8,5.9,63.7,5.5,4,,2025-01-29T07:47:38,2025-01-29T17:25:52,0,"Rain, Partially cloudy",Becoming cloudy in the afternoon with afternoon rain.,rain,"16080099999,D6875,16076099999,06770099999,16066099999,06777099999,06771099999,LIML"
milan,2025-01-30,53.3,37.8,44.9,53.3,35.4,43.8,40.7,86,0.001,100,4.17,rain,0,0,8.1,6.6,287.9,1019.5,50.4,5.9,37.5,3.3,2,,2025-01-30T07:46:31,2025-01-30T17:27:19,0.03,"Rain, Partially cloudy",Partly cloudy throughout the day with early morning rain.,rain,"16080099999,D6875,16076099999,16066099999,06771099999"
milan,2025-01-31,44.8,38.6,42.8,44.7,38.6,41,41.3,94.6,0.08,100,16.67,rain,0,0,9.4,7.7,65.3,1024.2,73.6,4.6,25.5,2.1,1,,2025-01-31T07:45:22,2025-01-31T17:28:46,0.07,"Rain, Partially cloudy",Partly cloudy throughout the day with rain.,rain,"16080099999,LIMC,D6875,16076099999,06770099999,LIME,16066099999,06777099999,06771099999,LIML"
milan,2025-02-01,46.4,44.5,45.6,45.4,41.2,43.5,44.9,97.6,0.11,100,33.33,rain,0,0,8.1,5.8,15.4,1026,91.5,4.6,10.3,0.9,1,,2025-02-01T07:44:12,2025-02-01T17:30:14,0.1,"Rain, Overcast",Cloudy skies throughout the day with a chance of rain throughout the day.,rain,"16080099999,D6875,16076099999,16066099999,06771099999"
milan,2025-02-02,55.4,37.4,45.5,55.4,35.8,45,41.8,88.3,0.008,100,4.17,rain,0,0,5.8,4.6,307.5,1021.2,20.3,5.6,67.3,5.9,4,,2025-02-02T07:42:59,2025-02-02T17:31:41,0.14,"Rain, Partially cloudy",Partly cloudy throughout the day with early morning rain.,rain,"16080099999,D6875,16076099999,16066099999,06771099999"
milan,2025-02-03,53.7,33.9,41.2,53.7,33.9,40.5,39,92.6,0.007,100,4.17,rain,0,0,5.8,5.6,142.1,1022.6,2.5,3.3,71.2,6.2,4,,2025-02-03T07:41:45,2025-02-03T17:33:09,0.18,Rain,Clear conditions throughout the day with afternoon rain.,rain,"16080099999,D6875,16076099999,16066099999,06771099999"
milan,2025-02-04,49.8,34,41,49.6,34,39.7,36.4,85.1,0,0,0,,0,0,8.1,5.7,303,1027.7,28.1,5,64.6,5.5,3,,2025-02-04T07:40:29,2025-02-04T17:34:37,0.21,Partially cloudy,Partly cloudy throughout the day.,partly-cloudy-day,"16080099999,D6875,16076099999,16066099999,06771099999"
milan,2025-02-05,48.6,30.3,37.5,48.6,27,36.2,35.6,93.6,0.007,100,4.17,rain,0,0,6.9,4.6,237.2,1032.1,16.2,2.4,45.8,4,2,,2025-02-05T07:39:12,2025-02-05T17:36:05,0.25,Rain,Clear conditions throughout the day with afternoon rain.,rain,"16080099999,D6875,16076099999,16066099999,06771099999"
milan,2025-02-06,48.5,30.3,36.9,46.6,30.3,36.4,33.2,87.9,0.014,100,4.17,rain,0,0,10.3,8.7,81.3,1031.7,25.3,3.1,49,4.2,2,,2025-02-06T07:37:53,2025-02-06T17:37:33,0.28,"Rain, Partially cloudy",Partly cloudy throughout the day with afternoon rain.,rain,"16080099999,D6875,16076099999,16066099999,06777099999,06771099999"
milan,2025-02-07,42.9,32.3,38.6,42.9,29.3,37.1,31.3,75.8,0,0,0,,0,0,8.1,4.7,44.8,1030.4,62.2,6.2,26.6,2.4,1,,2025-02-07T07:36:32,2025-02-07T17:39:00,0.32,Partially cloudy,Partly cloudy throughout the day.,partly-cloudy-day,"16080099999,LIMC,D6875,16076099999,06770099999,16066099999,06771099999,LIML"
milan,2025-02-08,40.9,39,39.6,40.8,33.8,37.4,36.1,87.5,0.264,100,50,rain,0,0,3.4,7.7,355.1,1029.3,90,3.6,16.5,1.5,1,,2025-02-08T07:35:09,2025-02-08T17:40:28,0.35,"Rain, Partially cloudy",Partly cloudy throughout the day with rain.,rain,"16080099999,D6875,16076099999,16066099999,06771099999"
milan,2025-02-09,44.6,40.7,42.9,44.6,36.7,41.6,42,96.6,0.616,100,62.5,rain,0,0,7.9,7.8,302.9,1027.7,93.2,2.8,26.9,2.3,2,,2025-02-09T07:33:45,2025-02-09T17:41:56,0.39,"Rain, Overcast",Cloudy skies throughout the day with a chance of rain throughout the day.,rain,"16080099999,LIMC,D6875,16076099999,06770099999,LIME,06777099999,16066099999,06771099999,LIML"
milan,2025-02-10,50.1,42.8,45.8,50.1,40.3,45.2,44.5,95.4,0.053,100,8.33,rain,0,0,6.9,4.7,228.1,1025.6,90.4,3.4,31.1,2.8,2,,2025-02-10T07:32:20,2025-02-10T17:43:24,0.42,"Rain, Overcast",Cloudy skies throughout the day with rain.,rain,"16080099999,LIMC,D6875,16076099999,06770099999,LIME,16066099999,06771099999,LIML"
milan,2025-02-11,48.1,41.3,45.6,48.1,41.3,45.5,44.9,97.3,0.029,100,25,rain,0,0,5.4,3.2,135.5,1024,85.9,2,33.8,2.9,2,,2025-02-11T07:30:53,2025-02-11T17:44:51,0.46,"Rain, Partially cloudy",Partly cloudy throughout the day with rain.,rain,"16080099999,LIMC,D6875,16076099999,LIME,06770099999,16066099999,06771099999,LIML"
milan,2025-02-12,48.2,46.1,47,48.1,43.5,45.8,46.4,97.5,0.141,100,12.5,rain,0,0,7.9,5.7,100.8,1021.4,92,1.9,17.1,1.5,1,,2025-02-12T07:29:25,2025-02-12T17:46:19,0.5,"Rain, Overcast",Cloudy skies throughout the day with rain.,rain,"16080099999,D6875,16076099999,06770099999,16066099999,06777099999,06771099999"
milan,2025-02-13,51.7,44.1,47.4,51.7,44.1,47.1,45.8,94.6,0.007,100,4.17,rain,0,0,8.2,4.5,216.5,1017.4,88.6,2.7,29.6,2.6,2,,2025-02-13T07:27:55,2025-02-13T17:47:46,0.53,"Rain, Partially cloudy",Partly cloudy throughout the day with late afternoon rain.,rain,"16080099999,D6875,16076099999,16066099999,06777099999,06771099999"
milan,2025-02-14,51.8,33.9,41.6,51.8,33.9,40.1,36.2,84.9,0.108,100,4.17,rain,0,0,42.5,14.8,359.7,1011.8,39.3,4.1,67.8,5.9,5,,2025-02-14T07:26:24,2025-02-14T17:49:13,0.56,"Rain, Partially cloudy",Partly cloudy throughout the day with late afternoon rain.,rain,"16080099999,D6875,16076099999,16066099999,06771099999"
milan,2025-02-15,48.4,30.3,39.3,47.5,27.3,37.8,33,79.9,0.02,100,4.17,rain,0,0,10.3,6.7,111.4,1017.7,17.8,6.2,88.4,7.6,4,,2025-02-15T07:24:52,2025-02-15T17:50:40,0.59,Rain,Clear conditions throughout the day with afternoon rain.,rain,"16080099999,D6875,16076099999,16066099999,06771099999"
milan,2025-02-16,44.4,33.7,38.4,43.1,30.8,36.2,32,78.3,0,0,0,,0,0,9.4,5.8,87.1,1015.5,69.7,6.2,74.3,6.5,4,,2025-02-16T07:23:18,2025-02-16T17:52:07,0.63,Partially cloudy,Partly cloudy throughout the day.,partly-cloudy-day,"16080099999,LIMC,D6875,16076099999,06770099999,LIME,16066099999,06777099999,06771099999,LIML"
milan,2025-02-17,40.9,37.4,39.6,40.9,33,36.6,30,68.4,0,0,0,,0,0,8.1,6.5,89.1,1018.9,77.5,6.2,38.7,3.3,2,,2025-02-17T07:21:43,2025-02-17T17:53:33,0.66,Partially cloudy,Partly cloudy throughout the day.,partly-cloudy-day,"16080099999,D6875,16076099999,16066099999,06771099999"
milan,2025-02-18,44.4,37.2,40.4,42.7,33.7,38,30.8,68.7,0,0,0,,0,0,11.4,9.8,100.9,1022.2,89.6,6.2,39.8,3.6,2,,2025-02-18T07:20:07,2025-02-18T17:54:59,0.69,Partially cloudy,Partly cloudy throughout the day.,partly-cloudy-day,"16080099999,D6875,16076099999,16066099999,06777099999,06771099999"
milan,2025-02-19,42.6,37.4,39.2,41,32.4,36.1,26.7,60.8,0,0,0,,0,0,10.3,6.5,105.3,1028.4,91.7,6.2,47.6,4.1,2,,2025-02-19T07:18:30,2025-02-19T17:56:25,0.72,Overcast,Cloudy skies throughout the day.,cloudy,"16080099999,D6875,16076099999,16066099999,06771099999"
milan,2025-02-20,48.3,31.9,40.5,48.3,31.9,40.3,30.7,69.3,0,0,0,,0,0,9.2,4.6,191.1,1030,28.7,6,88.7,7.8,4,,2025-02-20T07:16:52,2025-02-20T17:57:51,0.75,Partially cloudy,Partly cloudy throughout the day.,partly-cloudy-day,"16080099999,LIMC,16064099999,D6875,16076099999,LIME,06770099999,16066099999,06771099999,LIML"
milan,2025-02-21,53.6,31.8,42.4,53.6,31.8,42.2,34.3,75.2,0,0,0,,0,0,11.4,6.7,263.9,1029.8,27.5,5.2,69.9,6.1,4,,2025-02-21T07:15:13,2025-02-21T17:59:17,0.79,Partially cloudy,Partly cloudy throughout the day.,partly-cloudy-day,"16080099999,D6875,16076099999,16066099999,06771099999"
milan,2025-02-22,48.2,44.5,46,48.2,43.3,45.8,40.8,81.9,0.037,100,8.33,rain,0,0,6.9,4.6,225.5,1027.4,88.2,2.6,24,2,2,,2025-02-22T07:13:33,2025-02-22T18:00:42,0.82,"Rain, Partially cloudy",Partly cloudy throughout the day with rain in the morning and afternoon.,rain,"16080099999,D6875,16076099999,16066099999,06777099999,06771099999,LIML"
milan,2025-02-23,53.8,44,48.2,53.8,43,47.7,43.9,85.3,0,0,0,,0,0,11.4,4.5,232.7,1029.2,63.5,2.3,43.7,3.9,2,,2025-02-23T07:11:52,2025-02-23T18:02:07,0.85,Partially cloudy,Partly cloudy throughout the day.,partly-cloudy-day,"16080099999,D6875,16076099999,16066099999,06777099999,06771099999"
milan,2025-02-24,55.4,43.9,49.4,55.4,42.5,49.1,45.4,86.9,0,0,0,,0,0,6.9,4.6,89.3,1027.1,64.8,1.7,56,4.9,4,,2025-02-24T07:10:09,2025-02-24T18:03:31,0.88,Partially cloudy,Partly cloudy throughout the day.,partly-cloudy-day,"16080099999,D6875,16076099999,16066099999,06771099999"
milan,2025-02-25,51.6,48,50,51.6,46.4,49,48.5,94.7,0.065,100,33.33,rain,0,0,15,9.7,106.5,1019.2,85.2,1.4,16.9,1.6,1,,2025-02-25T07:08:26,2025-02-25T18:04:56,0.92,"Rain, Partially cloudy",Partly cloudy throughout the day with rain.,rain,"16080099999,D6875,16076099999,16066099999,06771099999"
milan,2025-02-26,57.3,44.6,50.6,57.3,41.4,49.8,46.5,87,0.37,100,8.33,rain,0,0,25.3,7,134.6,1013.6,62.6,3.7,96.4,8.3,4,,2025-02-26T07:06:43,2025-02-26T18:06:20,0.95,"Rain, Partially cloudy",Partly cloudy throughout the day with rain clearing later.,rain,"16080099999,D6875,16076099999,16066099999,06771099999"
milan,2025-02-27,57.2,39,47.6,57.2,39,47.1,42.4,84.5,0,0,0,,0,0,23,5.6,215.9,1016.5,10.4,4,84.5,7.3,5,,2025-02-27T07:04:58,2025-02-27T18:07:43,0.98,Clear,Clear conditions throughout the day.,clear-day,"16080099999,D6875,16076099999,16066099999,06777099999,06771099999"
milan,2025-02-28,55.2,35.5,46.7,55.2,32.9,46.3,40.8,81.8,0.007,100,4.17,rain,0,0,12.8,7.9,103.5,1018.8,38.4,5.8,96.7,8.5,4,,2025-02-28T07:03:12,2025-02-28T18:09:07,0,"Rain, Partially cloudy",Partly cloudy throughout the day with morning rain.,rain,"16080099999,LIMC,D6875,16076099999,06770099999,LIME,06777099999,16066099999,06771099999,LIML"
milan,2025-03-01,53.5,44.4,48.9,53.5,41.2,47.2,39.6,71,0.03,100,8.33,rain,0,0,12.8,9.8,80.2,1022.7,65.7,6.2,73.5,6.3,3,,2025-03-01T07:01:26,2025-03-01T18:10:30,0.05,"Rain, Partially cloudy",Partly cloudy throughout the day with rain.,rain,"16080099999,D6875,16076099999,16066099999,06771099999"
milan,2025-03-02,55.4,37.7,46.6,55.4,36.3,46.1,37.5,73.1,0,0,0,,0,0,11.4,5.8,94.4,1028.4,36.4,6.2,102.8,8.8,5,,2025-03-02T06:59:39,2025-03-02T18:11:53,0.09,Partially cloudy,Clearing in the afternoon.,partly-cloudy-day,"16080099999,LIMC,D6875,16076099999,LIME,16066099999,06771099999,LIML"
milan,2025-03-03,58.9,35.5,46.5,58.9,35.5,46.5,35.8,69.8,0,0,0,,0,0,10.3,6.7,30.2,1027.7,0.3,6.2,106.5,9.1,5,,2025-03-03T06:57:51,2025-03-03T18:13:15,0.12,Clear,Clear conditions throughout the day.,clear-day,"16080099999,D6875,16076099999,16066099999,06771099999,LIML"
milan,2025-03-04,60.8,35.5,47.1,60.8,34.7,46.9,35.6,67.7,0,0,0,,0,0,9.2,4.6,277,1025.7,0.1,6.2,108.7,9.3,5,,2025-03-04T06:56:03,2025-03-04T18:14:38,0.16,Clear,Clear conditions throughout the day.,clear-day,"16080099999,D6875,16076099999,16066099999,06771099999"
milan,2025-03-05,62.6,35.6,48.6,62.6,35.6,48.6,35,63.9,0,0,0,,0,0,11.4,6.7,110.6,1026.8,0,6.2,109.1,9.1,5,,2025-03-05T06:54:14,2025-03-05T18:16:00,0.19,Clear,Clear conditions throughout the day.,clear-day,"16080099999,D6875,16076099999,06770099999,16066099999,06777099999,06771099999,LIML"
milan,2025-03-06,62.6,37.3,49.7,62.6,37.3,49.7,35.1,60.4,0,0,0,,0,0,12.8,4.5,100.1,1026.3,2.2,6.2,109.3,9.3,5,,2025-03-06T06:52:25,2025-03-06T18:17:22,0.25,Clear,Clear conditions throughout the day.,clear-day,"16080099999,D6875,16076099999,16066099999,06771099999"
milan,2025-03-07,62.5,37.6,49.6,62.5,37.1,49.4,36.3,62.8,0,0,0,,0,0,11.4,5.8,84.7,1021.5,19.4,6.2,110.5,9.4,5,,2025-03-07T06:50:35,2025-03-07T18:18:43,0.26,Clear,Clear conditions throughout the day.,clear-day,"16080099999,D6875,16076099999,16066099999,06771099999"
milan,2025-03-08,62.6,37.4,49.8,62.6,34.9,49.6,35.7,63.1,0,0,0,,0,0,16.1,4.6,61.8,1016.4,14.1,6.2,112.1,9.6,5,,2025-03-08T06:48:44,2025-03-08T18:20:04,0.3,Clear,Clear conditions throughout the day.,clear-day,"16080099999,D6875,16076099999,16066099999,06777099999,06771099999"
milan,2025-03-09,59,39.2,49.2,59,37.1,49,38.4,67.7,0,0,0,,0,0,10.3,8,45.4,1011.8,49.8,6.2,50.3,4.3,3,,2025-03-09T06:46:53,2025-03-09T18:21:25,0.33,Partially cloudy,Partly cloudy throughout the day.,partly-cloudy-day,"16080099999,D6875,16076099999,16066099999,06771099999"
milan,2025-03-10,55.2,43,49.8,55.2,39.1,48.4,44.4,82.6,0.452,100,54.17,rain,0,0,29.2,11.5,167.6,1006.7,73.5,5.6,90.8,7.8,5,,2025-03-10T06:45:02,2025-03-10T18:22:46,0.37,"Rain, Partially cloudy",Partly cloudy throughout the day with a chance of rain throughout the day.,rain,"16080099999,D6875,16076099999,16066099999,06777099999,06771099999"
milan,2025-03-11,55.4,48.1,51.3,55.4,46.3,50.9,47.7,87.8,0.094,100,33.33,rain,0,0,10.3,5.8,50.3,1005.6,83.6,5.4,56.1,4.8,3,,2025-03-11T06:43:10,2025-03-11T18:24:07,0.4,"Rain, Partially cloudy",Partly cloudy throughout the day with rain.,rain,"16080099999,D6875,16076099999,16066099999,06771099999"
milan,2025-03-12,51.7,48.1,50.1,51.7,44.2,48.7,48.3,93.6,0.804,100,50,rain,0,0,9.2,11,99.9,998.8,85,4.4,45,3.9,2,,2025-03-12T06:41:18,2025-03-12T18:25:27,0.44,"Rain, Partially cloudy",Partly cloudy throughout the day with a chance of rain throughout the day.,rain,"16080099999,LIMC,D6875,16076099999,06770099999,LIME,16066099999,06771099999,LIML"
milan,2025-03-13,58.8,48,53,58.8,47.3,52.8,46.5,80.2,0.097,100,20.83,rain,0,0,12.8,11.1,112.7,995.4,76.9,5.4,83.5,7.4,4,,2025-03-13T06:39:25,2025-03-13T18:26:47,0.47,"Rain, Partially cloudy",Partly cloudy throughout the day with rain.,rain,"16080099999,D6875,16076099999,16066099999,06771099999"
milan,2025-03-14,53.5,49.6,51,53.5,46.2,49.5,46.7,85.4,0.175,100,45.83,rain,0,0,5.8,8.8,86.9,999.6,88.4,6,59.5,5.1,6,,2025-03-14T06:37:32,2025-03-14T18:28:07,0.5,"Rain, Partially cloudy",Partly cloudy throughout the day with a chance of rain throughout the day.,rain,"16080099999,D6875,16076099999,16066099999,06771099999"
milan,2025-03-15,55.2,49.8,51.5,55.2,45.5,50.1,49.1,91.9,0.206,100,66.67,rain,0,0,6.9,10.8,102.1,1004.7,77.5,5.8,50.4,4.2,2,,2025-03-15T06:35:39,2025-03-15T18:29:27,0.54,"Rain, Partially cloudy",Partly cloudy throughout the day with a chance of rain throughout the day.,rain,"16080099999,D6875,16076099999,16066099999,06771099999"
milan,2025-03-16,55.4,47.8,51.1,55.4,44.8,50.3,40.9,70,0.118,100,25,rain,0,0,18.3,7.6,276.1,1010.8,59.2,6.2,61.9,5.4,2,,2025-03-16T06:33:46,2025-03-16T18:30:46,0.57,"Rain, Partially cloudy",Partly cloudy throughout the day with a chance of rain throughout the day.,rain,"16080099999,D6875,16076099999,16066099999,06777099999,06771099999"
milan,2025-03-17,60.8,40.6,51.4,60.8,39.7,50.9,40,66.5,0,0,0,,0,0,23,14.9,198.1,1015.8,27.2,6.2,134.5,11.8,6,,2025-03-17T06:31:52,2025-03-17T18:32:05,0.6,Partially cloudy,Partly cloudy throughout the day.,partly-cloudy-day,"16080099999,D6875,16076099999,16066099999,06771099999"
milan,2025-03-18,49.9,41,45.7,45,35.5,40.8,33.6,63.1,0.001,100,4.17,rain,0,0,30,17.7,103.4,1027.5,69.2,6.2,129.7,11.3,5,,2025-03-18T06:29:58,2025-03-18T18:33:25,0.64,"Rain, Partially cloudy",Partly cloudy throughout the day with early morning rain.,rain,"16080099999,D6875,16076099999,16066099999,06777099999,06771099999"
milan,2025-03-19,53.7,31.9,43.6,53.7,31.9,43.4,31.6,65.7,0,0,0,,0,0,11.4,5.6,189.5,1031.3,9.8,6.2,142.8,12.3,6,,2025-03-19T06:28:04,2025-03-19T18:34:44,0.67,Clear,Clear conditions throughout the day.,clear-day,"16080099999,D6875,16076099999,16066099999,06777099999,06771099999"
milan,2025-03-20,58.9,33.9,46.9,58.9,33.9,46.9,33.6,62.9,0,0,0,,0,0,16.1,4.8,212,1030.1,22.3,6.2,141.8,12.2,6,,2025-03-20T06:26:10,2025-03-20T18:36:02,0.7,Partially cloudy,Clearing in the afternoon.,partly-cloudy-day,"16080099999,D6875,16076099999,16066099999,06777099999,06771099999,LIML"
milan,2025-03-21,53.6,40.9,48.4,53.6,40.7,48.1,39.8,72.3,0,0,0,,0,0,8.1,6.5,90.3,1025.1,69.6,6.1,53.7,4.5,2,,2025-03-21T06:24:16,2025-03-21T18:37:21,0.74,Partially cloudy,Partly cloudy throughout the day.,partly-cloudy-day,"16080099999,D6875,16076099999,16066099999,06771099999"
milan,2025-03-22,50,48,48.9,49.3,45,47.3,46.9,92.8,0.122,100,66.67,rain,0,0,4.7,9.7,78,1014.6,92.3,2.6,23.4,1.8,2,,2025-03-22T06:22:22,2025-03-22T18:38:40,0.75,"Rain, Overcast",Cloudy skies throughout the day with a chance of rain throughout the day.,rain,"16080099999,D6875,16076099999,16066099999,06771099999"
milan,2025-03-23,55.2,46.6,50.8,55.2,45.4,49.5,48.4,91.7,0.738,100,41.67,rain,0,0,13.9,10.8,106.9,1009.1,84.7,4.8,44.3,3.7,2,,2025-03-23T06:20:28,2025-03-23T18:39:58,0.8,"Rain, Partially cloudy",Partly cloudy throughout the day with a chance of rain throughout the day.,rain,"16080099999,D6875,16076099999,16066099999,06771099999"
milan,2025-03-24,62.4,47.9,53.1,62.4,47.3,53,47.2,82.3,0.008,100,4.17,rain,0,0,13.9,4.8,256.7,1012.6,50.9,5.9,130.4,11.2,6,,2025-03-24T06:18:34,2025-03-24T18:41:16,0.84,"Rain, Partially cloudy",Partly cloudy throughout the day with afternoon rain.,rain,"16080099999,D6875,16076099999,16066099999,06771099999"
milan,2025-03-25,64.4,41.1,53.7,64.4,41.1,53.7,46.3,77.9,0.009,100,8.33,rain,0,0,12.8,8,102.7,1016,23.5,5.8,158.6,13.6,6,,2025-03-25T06:16:39,2025-03-25T18:42:34,0.87,"Rain, Partially cloudy",Partly cloudy throughout the day with rain.,rain,"16080099999,D6875,16076099999,16066099999,06771099999"
milan,2025-03-26,66.1,48,57.1,66.1,48,57.1,46.8,71.2,0.075,100,8.33,rain,0,0,15,9.8,125.9,1014.4,51,6,149.7,13,7,,2025-03-26T06:14:45,2025-03-26T18:43:53,0.9,"Rain, Partially cloudy",Partly cloudy throughout the day with rain.,rain,"16080099999,LIMC,D6875,16076099999,06770099999,LIME,16066099999,06777099999,06771099999,LIML"
milan,2025-03-27,67.8,44.4,56.3,67.8,44.4,56.1,43,64.5,0,0,0,,0,0,15,10.9,178.6,1010.9,33.7,6.2,153.6,13.3,6,,2025-03-27T06:12:51,2025-03-27T18:45:11,0.93,Partially cloudy,Becoming cloudy in the afternoon.,partly-cloudy-day,"16080099999,LIMC,D6875,16076099999,06770099999,LIME,16066099999,06777099999,06771099999,LIML"
milan,2025-03-28,67.8,46.9,57.5,67.8,44,57.1,42.2,58.6,0,0,0,,0,0,11.4,6.9,78.6,1006.5,44.5,6.2,132,11.4,5,,2025-03-28T06:10:57,2025-03-28T18:46:28,0.97,Partially cloudy,Partly cloudy throughout the day.,partly-cloudy-day,"LIMC,16080099999,16064099999,D6875,16076099999,06770099999,LIME,16066099999,06777099999,LIML,06771099999"
milan,2025-03-29,60.8,51.7,55.2,60.8,51.7,55.2,48.2,78,0.029,100,4.17,rain,0,0,35.8,8.8,134.9,1005,77,6,103,9.1,4,,2025-03-29T06:09:04,2025-03-29T18:47:46,0,"Rain, Partially cloudy",Partly cloudy throughout the day with afternoon rain.,rain,"16080099999,D6875,16076099999,16066099999,06777099999,06771099999"
milan,2025-03-30,69.8,44.8,57.5,69.8,44.8,57.4,44.9,67.1,0,0,0,,0,0,35.8,8.1,247.8,1011.1,29.8,6.2,158.2,13.1,7,,2025-03-30T07:07:10,2025-03-30T19:49:04,0.03,Partially cloudy,Partly cloudy throughout the day.,partly-cloudy-day,"16080099999,D6875,16076099999,16066099999,06777099999,06771099999"
milan,2025-03-31,69.7,52.1,61.7,69.7,52.1,61.7,32.2,34.8,0,0,0,,0,0,38.4,16.2,26.9,1011.4,15.6,6.2,172.8,14.9,7,,2025-03-31T07:05:17,2025-03-31T19:50:22,0.07,Clear,Clear conditions throughout the day.,clear-day,"16080099999,D6875,16076099999,16066099999,06777099999,06771099999,LIML"
milan,2025-04-01,62.4,42.4,54.1,62.4,38.8,53.6,33.3,49.5,0,0,0,,0,0,21.9,14.4,111,1014.8,34,6.2,166.7,14.4,7,,2025-04-01T07:03:24,2025-04-01T19:51:39,0.1,Partially cloudy,Becoming cloudy in the afternoon.,partly-cloudy-day,"16080099999,D6875,16076099999,16066099999,06771099999"
